{
  "project_info": {
    "project_number": "332210190630",
    "firebase_url": "https://platinum-hour-195723.firebaseio.com",
    "project_id": "platinum-hour-195723",
    "storage_bucket": "platinum-hour-195723.appspot.com"
  },
  "client": [
    {
      "client_info": {
        "mobilesdk_app_id": "1:332210190630:android:f24c27ebd4fdc1aa",
        "android_client_info": {
          "package_name": "com.example.swatseal.androidlab1"
        }
      },
      "oauth_client": [
        {
          "client_id": "332210190630-utk01f7dkencu9fckq3qvk2nnlu4ksj3.apps.googleusercontent.com",
          "client_type": 3
        },
        {
          "client_id": "332210190630-ut7f9073r4slq46u8duvduul05oreeav.apps.googleusercontent.com",
          "client_type": 3
        },
        {
          "client_id": "332210190630-4grpq1p79on57idbhivo352rma4e7ije.apps.googleusercontent.com",
          "client_type": 1,
          "android_info": {
            "package_name": "com.example.swatseal.androidlab1",
            "certificate_hash": "67a3fd32900b24a06962008cfcda3f380bdfcc73"
          }
        }
      ],
      "api_key": [
        {
          "current_key": "AIzaSyCIKpZXAQW1dH6DYTyRN9RYqibYgRStRjw"
        }
      ],
      "services": {
        "analytics_service": {
          "status": 1
        },
        "appinvite_service": {
          "status": 2,
          "other_platform_oauth_client": [
            {
              "client_id": "332210190630-utk01f7dkencu9fckq3qvk2nnlu4ksj3.apps.googleusercontent.com",
              "client_type": 3
            }
          ]
        },
        "ads_service": {
          "status": 2
        }
      }
    }
  ],
  "configuration_version": "1"
}