{
    "logs": [
        {
            "outputFile": "C:\\Users\\SWAT SEAL\\AndroidStudioProjects\\AndroidLab1\\app\\build\\intermediates\\incremental\\mergeDebugResources\\merged.dir\\values-nb\\values-nb.xml",
            "map": [
                {
                    "source": "C:\\Users\\SWAT SEAL\\.gradle\\caches\\transforms-1\\files-1.1\\firebase-messaging-12.0.1.aar\\9a578ef3c246ab54503e58b22a339597\\res\\values-nb\\values.xml",
                    "from": {
                        "startLines": "4",
                        "startColumns": "0",
                        "startOffsets": "205",
                        "endColumns": "101",
                        "endOffsets": "306"
                    },
                    "to": {
                        "startLines": "51",
                        "startColumns": "4",
                        "startOffsets": "5103",
                        "endColumns": "105",
                        "endOffsets": "5204"
                    }
                },
                {
                    "source": "C:\\Users\\SWAT SEAL\\.gradle\\caches\\transforms-1\\files-1.1\\twitter-core-3.1.1.aar\\3a6850a2453e06ad4d7296440af323e8\\res\\values-nb\\values-nb.xml",
                    "from": {
                        "startLines": "2",
                        "startColumns": "4",
                        "startOffsets": "55",
                        "endColumns": "66",
                        "endOffsets": "117"
                    },
                    "to": {
                        "startLines": "65",
                        "startColumns": "4",
                        "startOffsets": "6208",
                        "endColumns": "66",
                        "endOffsets": "6270"
                    }
                },
                {
                    "source": "C:\\Users\\SWAT SEAL\\.gradle\\caches\\transforms-1\\files-1.1\\play-services-basement-12.0.1.aar\\b951e0e2da5a9ce75a5b739a2eed04a8\\res\\values-nb\\values.xml",
                    "from": {
                        "startLines": "4",
                        "startColumns": "0",
                        "startOffsets": "247",
                        "endColumns": "188",
                        "endOffsets": "435"
                    },
                    "to": {
                        "startLines": "41",
                        "startColumns": "4",
                        "startOffsets": "3567",
                        "endColumns": "188",
                        "endOffsets": "3751"
                    }
                },
                {
                    "source": "C:\\Users\\SWAT SEAL\\.gradle\\caches\\transforms-1\\files-1.1\\tweet-composer-3.1.1.aar\\8368696e21c9044d56364f96bd5962cb\\res\\values-nb\\values-nb.xml",
                    "from": {
                        "startLines": "2,3,4",
                        "startColumns": "4,4,4",
                        "startOffsets": "55,112,164",
                        "endColumns": "56,51,48",
                        "endOffsets": "107,159,208"
                    },
                    "to": {
                        "startLines": "61,66,69",
                        "startColumns": "4,4,4",
                        "startOffsets": "5977,6275,6414",
                        "endColumns": "56,51,48",
                        "endOffsets": "6029,6322,6458"
                    }
                },
                {
                    "source": "C:\\Users\\SWAT SEAL\\.gradle\\caches\\transforms-1\\files-1.1\\appcompat-v7-26.1.0.aar\\7377b89c716771af69b51e258d8f6af8\\res\\values-nb\\values-nb.xml",
                    "from": {
                        "startLines": "2,3,4,5,6,7,8,9,10,11,12,13,14,15,16,17,18,19,20,21,22",
                        "startColumns": "4,4,4,4,4,4,4,4,4,4,4,4,4,4,4,4,4,4,4,4,4",
                        "startOffsets": "55,163,272,397,492,606,692,792,905,981,1057,1137,1240,1339,1435,1539,1637,1738,1854,1951,2030",
                        "endColumns": "107,108,124,94,113,85,99,112,75,75,79,102,98,95,103,97,100,115,96,78,100",
                        "endOffsets": "158,267,392,487,601,687,787,900,976,1052,1132,1235,1334,1430,1534,1632,1733,1849,1946,2025,2126"
                    },
                    "to": {
                        "startLines": "14,15,16,17,18,19,20,21,22,23,24,25,26,27,28,29,30,31,32,59,60",
                        "startColumns": "4,4,4,4,4,4,4,4,4,4,4,4,4,4,4,4,4,4,4,4,4",
                        "startOffsets": "505,613,722,847,942,1056,1142,1242,1355,1431,1507,1587,1690,1789,1885,1989,2087,2188,2304,5797,5876",
                        "endColumns": "107,108,124,94,113,85,99,112,75,75,79,102,98,95,103,97,100,115,96,78,100",
                        "endOffsets": "608,717,842,937,1051,1137,1237,1350,1426,1502,1582,1685,1784,1880,1984,2082,2183,2299,2396,5871,5972"
                    }
                },
                {
                    "source": "C:\\Users\\SWAT SEAL\\.gradle\\caches\\transforms-1\\files-1.1\\tweet-ui-3.1.1.aar\\2c7c84cf51aa836c10091385d20372e6\\res\\values-nb\\values-nb.xml",
                    "from": {
                        "startLines": "2,6,10,14,15,16,17,18,19,20,21,22,23,24,25,26,27",
                        "startColumns": "4,4,4,4,4,4,4,4,4,4,4,4,4,4,4,4,4",
                        "startOffsets": "55,189,322,455,508,564,629,673,716,780,846,899,969,1081,1158,1214,1290",
                        "endLines": "5,9,13,14,15,16,17,18,19,20,21,22,23,24,25,26,27",
                        "endColumns": "14,14,14,52,55,64,43,42,63,65,52,69,111,76,55,75,56",
                        "endOffsets": "184,317,450,503,559,624,668,711,775,841,894,964,1076,1153,1209,1285,1342"
                    },
                    "to": {
                        "startLines": "2,6,10,62,63,64,67,68,70,71,72,73,74,75,76,77,78",
                        "startColumns": "4,4,4,4,4,4,4,4,4,4,4,4,4,4,4,4,4",
                        "startOffsets": "105,239,372,6034,6087,6143,6327,6371,6463,6527,6593,6646,6716,6828,6905,6961,7037",
                        "endLines": "5,9,13,62,63,64,67,68,70,71,72,73,74,75,76,77,78",
                        "endColumns": "14,14,14,52,55,64,43,42,63,65,52,69,111,76,55,75,56",
                        "endOffsets": "234,367,500,6082,6138,6203,6366,6409,6522,6588,6641,6711,6823,6900,6956,7032,7089"
                    }
                },
                {
                    "source": "C:\\Users\\SWAT SEAL\\.gradle\\caches\\transforms-1\\files-1.1\\play-services-base-12.0.1.aar\\89b0f101fe1aa70c87fb7f0eed52e00d\\res\\values-nb\\values.xml",
                    "from": {
                        "startLines": "4,5,6,7,8,9,10,11,12,13,14,15,16,17,18,19,20",
                        "startColumns": "0,0,0,0,0,0,0,0,0,0,0,0,0,0,0,0,0",
                        "startOffsets": "245,348,539,663,770,985,1113,1259,1387,1600,1705,1897,2023,2224,2426,2519,2607",
                        "endColumns": "102,190,123,106,214,127,145,127,212,104,191,125,200,201,92,87,102",
                        "endOffsets": "347,538,662,769,984,1112,1258,1386,1599,1704,1896,2022,2223,2425,2518,2606,2709"
                    },
                    "to": {
                        "startLines": "33,34,35,36,37,38,39,40,42,43,44,45,46,47,48,49,50",
                        "startColumns": "4,4,4,4,4,4,4,4,4,4,4,4,4,4,4,4,4",
                        "startOffsets": "2401,2508,2699,2827,2938,3153,3285,3435,3756,3969,4078,4270,4400,4601,4807,4904,4996",
                        "endColumns": "106,190,127,110,214,131,149,131,212,108,191,129,200,205,96,91,106",
                        "endOffsets": "2503,2694,2822,2933,3148,3280,3430,3562,3964,4073,4265,4395,4596,4802,4899,4991,5098"
                    }
                },
                {
                    "source": "C:\\Users\\SWAT SEAL\\.gradle\\caches\\transforms-1\\files-1.1\\play-services-ads-12.0.1.aar\\aedd9b74a5b8bc5d64e95c7fac68cce6\\res\\values-nb\\values.xml",
                    "from": {
                        "startLines": "4,5,6,7,8,9,10",
                        "startColumns": "0,0,0,0,0,0,0",
                        "startOffsets": "199,267,374,437,500,583,690",
                        "endColumns": "67,106,62,62,82,106,68",
                        "endOffsets": "266,373,436,499,582,689,758"
                    },
                    "to": {
                        "startLines": "52,53,54,55,56,57,58",
                        "startColumns": "4,4,4,4,4,4,4",
                        "startOffsets": "5209,5281,5392,5459,5526,5613,5724",
                        "endColumns": "71,110,66,66,86,110,72",
                        "endOffsets": "5276,5387,5454,5521,5608,5719,5792"
                    }
                }
            ]
        }
    ]
}