{
    "logs": [
        {
            "outputFile": "C:\\Users\\SWAT SEAL\\AndroidStudioProjects\\AndroidLab1\\app\\build\\intermediates\\incremental\\mergeDebugResources\\merged.dir\\values-ru\\values-ru.xml",
            "map": [
                {
                    "source": "C:\\Users\\SWAT SEAL\\.gradle\\caches\\transforms-1\\files-1.1\\play-services-basement-12.0.1.aar\\b951e0e2da5a9ce75a5b739a2eed04a8\\res\\values-ru\\values.xml",
                    "from": {
                        "startLines": "4",
                        "startColumns": "0",
                        "startOffsets": "247",
                        "endColumns": "215",
                        "endOffsets": "462"
                    },
                    "to": {
                        "startLines": "41",
                        "startColumns": "4",
                        "startOffsets": "3645",
                        "endColumns": "215",
                        "endOffsets": "3856"
                    }
                },
                {
                    "source": "C:\\Users\\SWAT SEAL\\.gradle\\caches\\transforms-1\\files-1.1\\twitter-core-3.1.1.aar\\3a6850a2453e06ad4d7296440af323e8\\res\\values-ru\\values-ru.xml",
                    "from": {
                        "startLines": "2",
                        "startColumns": "4",
                        "startOffsets": "55",
                        "endColumns": "78",
                        "endOffsets": "129"
                    },
                    "to": {
                        "startLines": "65",
                        "startColumns": "4",
                        "startOffsets": "6384",
                        "endColumns": "78",
                        "endOffsets": "6458"
                    }
                },
                {
                    "source": "C:\\Users\\SWAT SEAL\\.gradle\\caches\\transforms-1\\files-1.1\\appcompat-v7-26.1.0.aar\\7377b89c716771af69b51e258d8f6af8\\res\\values-ru\\values-ru.xml",
                    "from": {
                        "startLines": "2,3,4,5,6,7,8,9,10,11,12,13,14,15,16,17,18,19,20,21,22",
                        "startColumns": "4,4,4,4,4,4,4,4,4,4,4,4,4,4,4,4,4,4,4,4,4",
                        "startOffsets": "55,170,278,401,503,615,701,806,926,1005,1083,1163,1269,1377,1475,1584,1690,1798,1934,2034,2115",
                        "endColumns": "114,107,122,101,111,85,104,119,78,77,79,105,107,97,108,105,107,135,99,80,100",
                        "endOffsets": "165,273,396,498,610,696,801,921,1000,1078,1158,1264,1372,1470,1579,1685,1793,1929,2029,2110,2211"
                    },
                    "to": {
                        "startLines": "14,15,16,17,18,19,20,21,22,23,24,25,26,27,28,29,30,31,32,59,60",
                        "startColumns": "4,4,4,4,4,4,4,4,4,4,4,4,4,4,4,4,4,4,4,4,4",
                        "startOffsets": "509,624,732,855,957,1069,1155,1260,1380,1459,1537,1617,1723,1831,1929,2038,2144,2252,2388,5971,6052",
                        "endColumns": "114,107,122,101,111,85,104,119,78,77,79,105,107,97,108,105,107,135,99,80,100",
                        "endOffsets": "619,727,850,952,1064,1150,1255,1375,1454,1532,1612,1718,1826,1924,2033,2139,2247,2383,2483,6047,6148"
                    }
                },
                {
                    "source": "C:\\Users\\SWAT SEAL\\.gradle\\caches\\transforms-1\\files-1.1\\firebase-messaging-12.0.1.aar\\9a578ef3c246ab54503e58b22a339597\\res\\values-ru\\values.xml",
                    "from": {
                        "startLines": "4",
                        "startColumns": "0",
                        "startOffsets": "205",
                        "endColumns": "100",
                        "endOffsets": "305"
                    },
                    "to": {
                        "startLines": "51",
                        "startColumns": "4",
                        "startOffsets": "5250",
                        "endColumns": "104",
                        "endOffsets": "5350"
                    }
                },
                {
                    "source": "C:\\Users\\SWAT SEAL\\.gradle\\caches\\transforms-1\\files-1.1\\tweet-composer-3.1.1.aar\\8368696e21c9044d56364f96bd5962cb\\res\\values-ru\\values-ru.xml",
                    "from": {
                        "startLines": "2,3,4",
                        "startColumns": "4,4,4",
                        "startOffsets": "55,113,165",
                        "endColumns": "57,51,51",
                        "endOffsets": "108,160,212"
                    },
                    "to": {
                        "startLines": "61,66,69",
                        "startColumns": "4,4,4",
                        "startOffsets": "6153,6463,6618",
                        "endColumns": "57,51,51",
                        "endOffsets": "6206,6510,6665"
                    }
                },
                {
                    "source": "C:\\Users\\SWAT SEAL\\.gradle\\caches\\transforms-1\\files-1.1\\tweet-ui-3.1.1.aar\\2c7c84cf51aa836c10091385d20372e6\\res\\values-ru\\values-ru.xml",
                    "from": {
                        "startLines": "2,6,10,14,15,16,17,18,19,20,21,22,23,24,25,26,27",
                        "startColumns": "4,4,4,4,4,4,4,4,4,4,4,4,4,4,4,4,4",
                        "startOffsets": "55,189,326,459,515,571,632,684,735,801,866,928,1010,1137,1212,1274,1350",
                        "endLines": "5,9,13,14,15,16,17,18,19,20,21,22,23,24,25,26,27",
                        "endColumns": "14,14,14,55,55,60,51,50,65,64,61,81,126,74,61,75,61",
                        "endOffsets": "184,321,454,510,566,627,679,730,796,861,923,1005,1132,1207,1269,1345,1407"
                    },
                    "to": {
                        "startLines": "2,6,10,62,63,64,67,68,70,71,72,73,74,75,76,77,78",
                        "startColumns": "4,4,4,4,4,4,4,4,4,4,4,4,4,4,4,4,4",
                        "startOffsets": "105,239,376,6211,6267,6323,6515,6567,6670,6736,6801,6863,6945,7072,7147,7209,7285",
                        "endLines": "5,9,13,62,63,64,67,68,70,71,72,73,74,75,76,77,78",
                        "endColumns": "14,14,14,55,55,60,51,50,65,64,61,81,126,74,61,75,61",
                        "endOffsets": "234,371,504,6262,6318,6379,6562,6613,6731,6796,6858,6940,7067,7142,7204,7280,7342"
                    }
                },
                {
                    "source": "C:\\Users\\SWAT SEAL\\.gradle\\caches\\transforms-1\\files-1.1\\play-services-base-12.0.1.aar\\89b0f101fe1aa70c87fb7f0eed52e00d\\res\\values-ru\\values.xml",
                    "from": {
                        "startLines": "4,5,6,7,8,9,10,11,12,13,14,15,16,17,18,19,20",
                        "startColumns": "0,0,0,0,0,0,0,0,0,0,0,0,0,0,0,0,0",
                        "startOffsets": "245,350,548,672,780,981,1108,1249,1378,1618,1723,1917,2041,2267,2451,2546,2632",
                        "endColumns": "104,197,123,107,200,126,140,128,239,104,193,123,225,183,94,85,110",
                        "endOffsets": "349,547,671,779,980,1107,1248,1377,1617,1722,1916,2040,2266,2450,2545,2631,2742"
                    },
                    "to": {
                        "startLines": "33,34,35,36,37,38,39,40,42,43,44,45,46,47,48,49,50",
                        "startColumns": "4,4,4,4,4,4,4,4,4,4,4,4,4,4,4,4,4",
                        "startOffsets": "2488,2597,2795,2923,3035,3236,3367,3512,3861,4101,4210,4404,4532,4758,4946,5045,5135",
                        "endColumns": "108,197,127,111,200,130,144,132,239,108,193,127,225,187,98,89,114",
                        "endOffsets": "2592,2790,2918,3030,3231,3362,3507,3640,4096,4205,4399,4527,4753,4941,5040,5130,5245"
                    }
                },
                {
                    "source": "C:\\Users\\SWAT SEAL\\.gradle\\caches\\transforms-1\\files-1.1\\play-services-ads-12.0.1.aar\\aedd9b74a5b8bc5d64e95c7fac68cce6\\res\\values-ru\\values.xml",
                    "from": {
                        "startLines": "4,5,6,7,8,9,10",
                        "startColumns": "0,0,0,0,0,0,0",
                        "startOffsets": "199,277,388,455,522,599,710",
                        "endColumns": "77,110,66,66,76,110,76",
                        "endOffsets": "276,387,454,521,598,709,786"
                    },
                    "to": {
                        "startLines": "52,53,54,55,56,57,58",
                        "startColumns": "4,4,4,4,4,4,4",
                        "startOffsets": "5355,5437,5552,5623,5694,5775,5890",
                        "endColumns": "81,114,70,70,80,114,80",
                        "endOffsets": "5432,5547,5618,5689,5770,5885,5966"
                    }
                }
            ]
        }
    ]
}