{
    "logs": [
        {
            "outputFile": "C:\\Users\\SWAT SEAL\\AndroidStudioProjects\\AndroidLab1\\app\\build\\intermediates\\incremental\\mergeDebugResources\\merged.dir\\values-eu\\values-eu.xml",
            "map": [
                {
                    "source": "C:\\Users\\SWAT SEAL\\.gradle\\caches\\transforms-1\\files-1.1\\play-services-basement-12.0.1.aar\\b951e0e2da5a9ce75a5b739a2eed04a8\\res\\values-eu\\values.xml",
                    "from": {
                        "startLines": "4",
                        "startColumns": "0",
                        "startOffsets": "247",
                        "endColumns": "200",
                        "endOffsets": "447"
                    },
                    "to": {
                        "startLines": "29",
                        "startColumns": "4",
                        "startOffsets": "3286",
                        "endColumns": "200",
                        "endOffsets": "3482"
                    }
                },
                {
                    "source": "C:\\Users\\SWAT SEAL\\.gradle\\caches\\transforms-1\\files-1.1\\firebase-messaging-12.0.1.aar\\9a578ef3c246ab54503e58b22a339597\\res\\values-eu\\values.xml",
                    "from": {
                        "startLines": "4",
                        "startColumns": "0",
                        "startOffsets": "205",
                        "endColumns": "106",
                        "endOffsets": "311"
                    },
                    "to": {
                        "startLines": "39",
                        "startColumns": "4",
                        "startOffsets": "4885",
                        "endColumns": "110",
                        "endOffsets": "4991"
                    }
                },
                {
                    "source": "C:\\Users\\SWAT SEAL\\.gradle\\caches\\transforms-1\\files-1.1\\play-services-ads-12.0.1.aar\\aedd9b74a5b8bc5d64e95c7fac68cce6\\res\\values-eu\\values.xml",
                    "from": {
                        "startLines": "4,5,6,7,8,9,10",
                        "startColumns": "0,0,0,0,0,0,0",
                        "startOffsets": "199,268,392,456,522,608,729",
                        "endColumns": "68,123,63,65,85,120,74",
                        "endOffsets": "267,391,455,521,607,728,803"
                    },
                    "to": {
                        "startLines": "40,41,42,43,44,45,46",
                        "startColumns": "4,4,4,4,4,4,4",
                        "startOffsets": "4996,5069,5197,5265,5335,5425,5550",
                        "endColumns": "72,127,67,69,89,124,78",
                        "endOffsets": "5064,5192,5260,5330,5420,5545,5624"
                    }
                },
                {
                    "source": "C:\\Users\\SWAT SEAL\\.gradle\\caches\\transforms-1\\files-1.1\\play-services-base-12.0.1.aar\\89b0f101fe1aa70c87fb7f0eed52e00d\\res\\values-eu\\values.xml",
                    "from": {
                        "startLines": "4,5,6,7,8,9,10,11,12,13,14,15,16,17,18,19,20",
                        "startColumns": "0,0,0,0,0,0,0,0,0,0,0,0,0,0,0,0,0",
                        "startOffsets": "245,347,555,679,786,992,1117,1266,1398,1641,1747,1945,2073,2300,2485,2577,2668",
                        "endColumns": "101,207,123,106,205,124,148,131,242,105,197,127,226,184,91,90,103",
                        "endOffsets": "346,554,678,785,991,1116,1265,1397,1640,1746,1944,2072,2299,2484,2576,2667,2771"
                    },
                    "to": {
                        "startLines": "21,22,23,24,25,26,27,28,30,31,32,33,34,35,36,37,38",
                        "startColumns": "4,4,4,4,4,4,4,4,4,4,4,4,4,4,4,4,4",
                        "startOffsets": "2109,2215,2423,2551,2662,2868,2997,3150,3487,3730,3840,4038,4170,4397,4586,4682,4777",
                        "endColumns": "105,207,127,110,205,128,152,135,242,109,197,131,226,188,95,94,107",
                        "endOffsets": "2210,2418,2546,2657,2863,2992,3145,3281,3725,3835,4033,4165,4392,4581,4677,4772,4880"
                    }
                },
                {
                    "source": "C:\\Users\\SWAT SEAL\\.gradle\\caches\\transforms-1\\files-1.1\\appcompat-v7-26.1.0.aar\\7377b89c716771af69b51e258d8f6af8\\res\\values-eu\\values-eu.xml",
                    "from": {
                        "startLines": "2,3,4,5,6,7,8,9,10,11,12,13,14,15,16,17,18,19,20,21,22",
                        "startColumns": "4,4,4,4,4,4,4,4,4,4,4,4,4,4,4,4,4,4,4,4,4",
                        "startOffsets": "55,164,272,395,493,603,689,795,919,1006,1090,1172,1281,1391,1490,1599,1712,1823,1960,2059,2141",
                        "endColumns": "108,107,122,97,109,85,105,123,86,83,81,108,109,98,108,112,110,136,98,81,100",
                        "endOffsets": "159,267,390,488,598,684,790,914,1001,1085,1167,1276,1386,1485,1594,1707,1818,1955,2054,2136,2237"
                    },
                    "to": {
                        "startLines": "2,3,4,5,6,7,8,9,10,11,12,13,14,15,16,17,18,19,20,47,48",
                        "startColumns": "4,4,4,4,4,4,4,4,4,4,4,4,4,4,4,4,4,4,4,4,4",
                        "startOffsets": "105,214,322,445,543,653,739,845,969,1056,1140,1222,1331,1441,1540,1649,1762,1873,2010,5629,5711",
                        "endColumns": "108,107,122,97,109,85,105,123,86,83,81,108,109,98,108,112,110,136,98,81,100",
                        "endOffsets": "209,317,440,538,648,734,840,964,1051,1135,1217,1326,1436,1535,1644,1757,1868,2005,2104,5706,5807"
                    }
                }
            ]
        }
    ]
}