{
    "logs": [
        {
            "outputFile": "C:\\Users\\SWAT SEAL\\AndroidStudioProjects\\AndroidLab1\\app\\build\\intermediates\\incremental\\mergeDebugResources\\merged.dir\\values-pt-rBR\\values-pt-rBR.xml",
            "map": [
                {
                    "source": "C:\\Users\\SWAT SEAL\\.gradle\\caches\\transforms-1\\files-1.1\\play-services-base-12.0.1.aar\\89b0f101fe1aa70c87fb7f0eed52e00d\\res\\values-pt-rBR\\values.xml",
                    "from": {
                        "startLines": "4,5,6,7,8,9,10,11,12,13,14,15,16,17,18,19,20",
                        "startColumns": "0,0,0,0,0,0,0,0,0,0,0,0,0,0,0,0,0",
                        "startOffsets": "249,352,532,657,763,989,1117,1265,1395,1624,1730,1925,2053,2269,2452,2547,2639",
                        "endColumns": "102,179,124,105,225,127,147,129,228,105,194,127,215,182,94,91,108",
                        "endOffsets": "351,531,656,762,988,1116,1264,1394,1623,1729,1924,2052,2268,2451,2546,2638,2747"
                    },
                    "to": {
                        "startLines": "21,22,23,24,25,26,27,28,30,31,32,33,34,35,36,37,38",
                        "startColumns": "4,4,4,4,4,4,4,4,4,4,4,4,4,4,4,4,4",
                        "startOffsets": "2098,2205,2385,2514,2624,2850,2982,3134,3472,3701,3811,4006,4138,4354,4541,4640,4736",
                        "endColumns": "106,179,128,109,225,131,151,133,228,109,194,131,215,186,98,95,112",
                        "endOffsets": "2200,2380,2509,2619,2845,2977,3129,3263,3696,3806,4001,4133,4349,4536,4635,4731,4844"
                    }
                },
                {
                    "source": "C:\\Users\\SWAT SEAL\\.gradle\\caches\\transforms-1\\files-1.1\\play-services-basement-12.0.1.aar\\b951e0e2da5a9ce75a5b739a2eed04a8\\res\\values-pt-rBR\\values.xml",
                    "from": {
                        "startLines": "4",
                        "startColumns": "0",
                        "startOffsets": "251",
                        "endColumns": "203",
                        "endOffsets": "454"
                    },
                    "to": {
                        "startLines": "29",
                        "startColumns": "4",
                        "startOffsets": "3268",
                        "endColumns": "203",
                        "endOffsets": "3467"
                    }
                },
                {
                    "source": "C:\\Users\\SWAT SEAL\\.gradle\\caches\\transforms-1\\files-1.1\\play-services-ads-12.0.1.aar\\aedd9b74a5b8bc5d64e95c7fac68cce6\\res\\values-pt-rBR\\values.xml",
                    "from": {
                        "startLines": "4,5,6,7,8,9,10",
                        "startColumns": "0,0,0,0,0,0,0",
                        "startOffsets": "203,273,396,461,526,606,715",
                        "endColumns": "69,122,64,64,79,108,73",
                        "endOffsets": "272,395,460,525,605,714,788"
                    },
                    "to": {
                        "startLines": "40,41,42,43,44,45,46",
                        "startColumns": "4,4,4,4,4,4,4",
                        "startOffsets": "4956,5030,5157,5226,5295,5379,5492",
                        "endColumns": "73,126,68,68,83,112,77",
                        "endOffsets": "5025,5152,5221,5290,5374,5487,5565"
                    }
                },
                {
                    "source": "C:\\Users\\SWAT SEAL\\.gradle\\caches\\transforms-1\\files-1.1\\appcompat-v7-26.1.0.aar\\7377b89c716771af69b51e258d8f6af8\\res\\values-pt-rBR\\values-pt-rBR.xml",
                    "from": {
                        "startLines": "2,3,4,5,6,7,8,9,10,11,12,13,14,15,16,17,18,19,20,21,22",
                        "startColumns": "4,4,4,4,4,4,4,4,4,4,4,4,4,4,4,4,4,4,4,4,4",
                        "startOffsets": "55,175,283,406,512,619,708,809,927,1010,1090,1177,1284,1396,1498,1606,1713,1823,1948,2048,2133",
                        "endColumns": "119,107,122,105,106,88,100,117,82,79,86,106,111,101,107,106,109,124,99,84,100",
                        "endOffsets": "170,278,401,507,614,703,804,922,1005,1085,1172,1279,1391,1493,1601,1708,1818,1943,2043,2128,2229"
                    },
                    "to": {
                        "startLines": "2,3,4,5,6,7,8,9,10,11,12,13,14,15,16,17,18,19,20,47,48",
                        "startColumns": "4,4,4,4,4,4,4,4,4,4,4,4,4,4,4,4,4,4,4,4,4",
                        "startOffsets": "105,225,333,456,562,669,758,859,977,1060,1140,1227,1334,1446,1548,1656,1763,1873,1998,5570,5655",
                        "endColumns": "119,107,122,105,106,88,100,117,82,79,86,106,111,101,107,106,109,124,99,84,100",
                        "endOffsets": "220,328,451,557,664,753,854,972,1055,1135,1222,1329,1441,1543,1651,1758,1868,1993,2093,5650,5751"
                    }
                },
                {
                    "source": "C:\\Users\\SWAT SEAL\\.gradle\\caches\\transforms-1\\files-1.1\\firebase-messaging-12.0.1.aar\\9a578ef3c246ab54503e58b22a339597\\res\\values-pt-rBR\\values.xml",
                    "from": {
                        "startLines": "4",
                        "startColumns": "0",
                        "startOffsets": "209",
                        "endColumns": "102",
                        "endOffsets": "311"
                    },
                    "to": {
                        "startLines": "39",
                        "startColumns": "4",
                        "startOffsets": "4849",
                        "endColumns": "106",
                        "endOffsets": "4951"
                    }
                }
            ]
        }
    ]
}