{
    "logs": [
        {
            "outputFile": "C:\\Users\\SWAT SEAL\\AndroidStudioProjects\\AndroidLab1\\app\\build\\intermediates\\incremental\\mergeDebugResources\\merged.dir\\values-bs\\values-bs.xml",
            "map": [
                {
                    "source": "C:\\Users\\SWAT SEAL\\.gradle\\caches\\transforms-1\\files-1.1\\firebase-messaging-12.0.1.aar\\9a578ef3c246ab54503e58b22a339597\\res\\values-bs\\values.xml",
                    "from": {
                        "startLines": "4",
                        "startColumns": "0",
                        "startOffsets": "205",
                        "endColumns": "99",
                        "endOffsets": "304"
                    },
                    "to": {
                        "startLines": "39",
                        "startColumns": "4",
                        "startOffsets": "4758",
                        "endColumns": "103",
                        "endOffsets": "4857"
                    }
                },
                {
                    "source": "C:\\Users\\SWAT SEAL\\.gradle\\caches\\transforms-1\\files-1.1\\play-services-basement-12.0.1.aar\\b951e0e2da5a9ce75a5b739a2eed04a8\\res\\values-bs\\values.xml",
                    "from": {
                        "startLines": "4",
                        "startColumns": "0",
                        "startOffsets": "247",
                        "endColumns": "199",
                        "endOffsets": "446"
                    },
                    "to": {
                        "startLines": "29",
                        "startColumns": "4",
                        "startOffsets": "3223",
                        "endColumns": "199",
                        "endOffsets": "3418"
                    }
                },
                {
                    "source": "C:\\Users\\SWAT SEAL\\.gradle\\caches\\transforms-1\\files-1.1\\appcompat-v7-26.1.0.aar\\7377b89c716771af69b51e258d8f6af8\\res\\values-bs\\values-bs.xml",
                    "from": {
                        "startLines": "2,3,4,5,6,7,8,9,10,11,12,13,14,15,16,17,18,19,20,21,22",
                        "startColumns": "4,4,4,4,4,4,4,4,4,4,4,4,4,4,4,4,4,4,4,4,4",
                        "startOffsets": "55,174,282,405,514,621,707,808,930,1012,1093,1179,1282,1387,1485,1590,1701,1806,1926,2023,2107",
                        "endColumns": "118,107,122,108,106,85,100,121,81,80,85,102,104,97,104,110,104,119,96,83,100",
                        "endOffsets": "169,277,400,509,616,702,803,925,1007,1088,1174,1277,1382,1480,1585,1696,1801,1921,2018,2102,2203"
                    },
                    "to": {
                        "startLines": "2,3,4,5,6,7,8,9,10,11,12,13,14,15,16,17,18,19,20,47,48",
                        "startColumns": "4,4,4,4,4,4,4,4,4,4,4,4,4,4,4,4,4,4,4,4,4",
                        "startOffsets": "105,224,332,455,564,671,757,858,980,1062,1143,1229,1332,1437,1535,1640,1751,1856,1976,5481,5565",
                        "endColumns": "118,107,122,108,106,85,100,121,81,80,85,102,104,97,104,110,104,119,96,83,100",
                        "endOffsets": "219,327,450,559,666,752,853,975,1057,1138,1224,1327,1432,1530,1635,1746,1851,1971,2068,5560,5661"
                    }
                },
                {
                    "source": "C:\\Users\\SWAT SEAL\\.gradle\\caches\\transforms-1\\files-1.1\\play-services-ads-12.0.1.aar\\aedd9b74a5b8bc5d64e95c7fac68cce6\\res\\values-bs\\values.xml",
                    "from": {
                        "startLines": "4,5,6,7,8,9,10",
                        "startColumns": "0,0,0,0,0,0,0",
                        "startOffsets": "199,269,388,454,517,605,720",
                        "endColumns": "69,118,65,62,87,114,69",
                        "endOffsets": "268,387,453,516,604,719,789"
                    },
                    "to": {
                        "startLines": "40,41,42,43,44,45,46",
                        "startColumns": "4,4,4,4,4,4,4",
                        "startOffsets": "4862,4936,5059,5129,5196,5288,5407",
                        "endColumns": "73,122,69,66,91,118,73",
                        "endOffsets": "4931,5054,5124,5191,5283,5402,5476"
                    }
                },
                {
                    "source": "C:\\Users\\SWAT SEAL\\.gradle\\caches\\transforms-1\\files-1.1\\play-services-base-12.0.1.aar\\89b0f101fe1aa70c87fb7f0eed52e00d\\res\\values-bs\\values.xml",
                    "from": {
                        "startLines": "4,5,6,7,8,9,10,11,12,13,14,15,16,17,18,19,20",
                        "startColumns": "0,0,0,0,0,0,0,0,0,0,0,0,0,0,0,0,0",
                        "startOffsets": "245,349,541,665,773,982,1106,1244,1371,1584,1689,1881,2006,2215,2387,2481,2572",
                        "endColumns": "103,191,123,107,208,123,137,126,212,104,191,124,208,171,93,90,109",
                        "endOffsets": "348,540,664,772,981,1105,1243,1370,1583,1688,1880,2005,2214,2386,2480,2571,2681"
                    },
                    "to": {
                        "startLines": "21,22,23,24,25,26,27,28,30,31,32,33,34,35,36,37,38",
                        "startColumns": "4,4,4,4,4,4,4,4,4,4,4,4,4,4,4,4,4",
                        "startOffsets": "2073,2181,2373,2501,2613,2822,2950,3092,3423,3636,3745,3937,4066,4275,4451,4549,4644",
                        "endColumns": "107,191,127,111,208,127,141,130,212,108,191,128,208,175,97,94,113",
                        "endOffsets": "2176,2368,2496,2608,2817,2945,3087,3218,3631,3740,3932,4061,4270,4446,4544,4639,4753"
                    }
                }
            ]
        }
    ]
}