{
    "logs": [
        {
            "outputFile": "C:\\Users\\SWAT SEAL\\AndroidStudioProjects\\AndroidLab1\\app\\build\\intermediates\\incremental\\mergeDebugResources\\merged.dir\\values-pl\\values-pl.xml",
            "map": [
                {
                    "source": "C:\\Users\\SWAT SEAL\\.gradle\\caches\\transforms-1\\files-1.1\\appcompat-v7-26.1.0.aar\\7377b89c716771af69b51e258d8f6af8\\res\\values-pl\\values-pl.xml",
                    "from": {
                        "startLines": "2,3,4,5,6,7,8,9,10,11,12,13,14,15,16,17,18,19,20,21,22",
                        "startColumns": "4,4,4,4,4,4,4,4,4,4,4,4,4,4,4,4,4,4,4,4,4",
                        "startOffsets": "55,171,279,402,504,612,698,807,926,1004,1081,1163,1272,1381,1480,1589,1700,1808,1931,2027,2109",
                        "endColumns": "115,107,122,101,107,85,108,118,77,76,81,108,108,98,108,110,107,122,95,81,100",
                        "endOffsets": "166,274,397,499,607,693,802,921,999,1076,1158,1267,1376,1475,1584,1695,1803,1926,2022,2104,2205"
                    },
                    "to": {
                        "startLines": "14,15,16,17,18,19,20,21,22,23,24,25,26,27,28,29,30,31,32,59,60",
                        "startColumns": "4,4,4,4,4,4,4,4,4,4,4,4,4,4,4,4,4,4,4,4,4",
                        "startOffsets": "517,633,741,864,966,1074,1160,1269,1388,1466,1543,1625,1734,1843,1942,2051,2162,2270,2393,5949,6031",
                        "endColumns": "115,107,122,101,107,85,108,118,77,76,81,108,108,98,108,110,107,122,95,81,100",
                        "endOffsets": "628,736,859,961,1069,1155,1264,1383,1461,1538,1620,1729,1838,1937,2046,2157,2265,2388,2484,6026,6127"
                    }
                },
                {
                    "source": "C:\\Users\\SWAT SEAL\\.gradle\\caches\\transforms-1\\files-1.1\\play-services-basement-12.0.1.aar\\b951e0e2da5a9ce75a5b739a2eed04a8\\res\\values-pl\\values.xml",
                    "from": {
                        "startLines": "4",
                        "startColumns": "0",
                        "startOffsets": "247",
                        "endColumns": "198",
                        "endOffsets": "445"
                    },
                    "to": {
                        "startLines": "41",
                        "startColumns": "4",
                        "startOffsets": "3637",
                        "endColumns": "198",
                        "endOffsets": "3831"
                    }
                },
                {
                    "source": "C:\\Users\\SWAT SEAL\\.gradle\\caches\\transforms-1\\files-1.1\\firebase-messaging-12.0.1.aar\\9a578ef3c246ab54503e58b22a339597\\res\\values-pl\\values.xml",
                    "from": {
                        "startLines": "4",
                        "startColumns": "0",
                        "startOffsets": "205",
                        "endColumns": "98",
                        "endOffsets": "303"
                    },
                    "to": {
                        "startLines": "51",
                        "startColumns": "4",
                        "startOffsets": "5230",
                        "endColumns": "102",
                        "endOffsets": "5328"
                    }
                },
                {
                    "source": "C:\\Users\\SWAT SEAL\\.gradle\\caches\\transforms-1\\files-1.1\\play-services-base-12.0.1.aar\\89b0f101fe1aa70c87fb7f0eed52e00d\\res\\values-pl\\values.xml",
                    "from": {
                        "startLines": "4,5,6,7,8,9,10,11,12,13,14,15,16,17,18,19,20",
                        "startColumns": "0,0,0,0,0,0,0,0,0,0,0,0,0,0,0,0,0",
                        "startOffsets": "245,347,547,667,775,985,1108,1245,1369,1599,1706,1912,2038,2256,2443,2538,2630",
                        "endColumns": "101,199,119,107,209,122,136,123,229,106,205,125,217,186,94,91,108",
                        "endOffsets": "346,546,666,774,984,1107,1244,1368,1598,1705,1911,2037,2255,2442,2537,2629,2738"
                    },
                    "to": {
                        "startLines": "33,34,35,36,37,38,39,40,42,43,44,45,46,47,48,49,50",
                        "startColumns": "4,4,4,4,4,4,4,4,4,4,4,4,4,4,4,4,4",
                        "startOffsets": "2489,2595,2795,2919,3031,3241,3368,3509,3836,4066,4177,4383,4513,4731,4922,5021,5117",
                        "endColumns": "105,199,123,111,209,126,140,127,229,110,205,129,217,190,98,95,112",
                        "endOffsets": "2590,2790,2914,3026,3236,3363,3504,3632,4061,4172,4378,4508,4726,4917,5016,5112,5225"
                    }
                },
                {
                    "source": "C:\\Users\\SWAT SEAL\\.gradle\\caches\\transforms-1\\files-1.1\\tweet-composer-3.1.1.aar\\8368696e21c9044d56364f96bd5962cb\\res\\values-pl\\values-pl.xml",
                    "from": {
                        "startLines": "2,3,4",
                        "startColumns": "4,4,4",
                        "startOffsets": "55,116,168",
                        "endColumns": "60,51,48",
                        "endOffsets": "111,163,212"
                    },
                    "to": {
                        "startLines": "61,66,69",
                        "startColumns": "4,4,4",
                        "startOffsets": "6132,6440,6585",
                        "endColumns": "60,51,48",
                        "endOffsets": "6188,6487,6629"
                    }
                },
                {
                    "source": "C:\\Users\\SWAT SEAL\\.gradle\\caches\\transforms-1\\files-1.1\\twitter-core-3.1.1.aar\\3a6850a2453e06ad4d7296440af323e8\\res\\values-pl\\values-pl.xml",
                    "from": {
                        "startLines": "2",
                        "startColumns": "4",
                        "startOffsets": "55",
                        "endColumns": "72",
                        "endOffsets": "123"
                    },
                    "to": {
                        "startLines": "65",
                        "startColumns": "4",
                        "startOffsets": "6367",
                        "endColumns": "72",
                        "endOffsets": "6435"
                    }
                },
                {
                    "source": "C:\\Users\\SWAT SEAL\\.gradle\\caches\\transforms-1\\files-1.1\\play-services-ads-12.0.1.aar\\aedd9b74a5b8bc5d64e95c7fac68cce6\\res\\values-pl\\values.xml",
                    "from": {
                        "startLines": "4,5,6,7,8,9,10",
                        "startColumns": "0,0,0,0,0,0,0",
                        "startOffsets": "199,268,380,448,512,600,714",
                        "endColumns": "68,111,67,63,87,113,72",
                        "endOffsets": "267,379,447,511,599,713,786"
                    },
                    "to": {
                        "startLines": "52,53,54,55,56,57,58",
                        "startColumns": "4,4,4,4,4,4,4",
                        "startOffsets": "5333,5406,5522,5594,5662,5754,5872",
                        "endColumns": "72,115,71,67,91,117,76",
                        "endOffsets": "5401,5517,5589,5657,5749,5867,5944"
                    }
                },
                {
                    "source": "C:\\Users\\SWAT SEAL\\.gradle\\caches\\transforms-1\\files-1.1\\tweet-ui-3.1.1.aar\\2c7c84cf51aa836c10091385d20372e6\\res\\values-pl\\values-pl.xml",
                    "from": {
                        "startLines": "2,6,10,14,15,16,17,18,19,20,21,22,23,24,25,26,27",
                        "startColumns": "4,4,4,4,4,4,4,4,4,4,4,4,4,4,4,4,4",
                        "startOffsets": "55,197,334,467,522,576,641,689,734,799,864,920,996,1111,1199,1260,1336",
                        "endLines": "5,9,13,14,15,16,17,18,19,20,21,22,23,24,25,26,27",
                        "endColumns": "14,14,14,54,53,64,47,44,64,64,55,75,114,87,60,75,63",
                        "endOffsets": "192,329,462,517,571,636,684,729,794,859,915,991,1106,1194,1255,1331,1395"
                    },
                    "to": {
                        "startLines": "2,6,10,62,63,64,67,68,70,71,72,73,74,75,76,77,78",
                        "startColumns": "4,4,4,4,4,4,4,4,4,4,4,4,4,4,4,4,4",
                        "startOffsets": "105,247,384,6193,6248,6302,6492,6540,6634,6699,6764,6820,6896,7011,7099,7160,7236",
                        "endLines": "5,9,13,62,63,64,67,68,70,71,72,73,74,75,76,77,78",
                        "endColumns": "14,14,14,54,53,64,47,44,64,64,55,75,114,87,60,75,63",
                        "endOffsets": "242,379,512,6243,6297,6362,6535,6580,6694,6759,6815,6891,7006,7094,7155,7231,7295"
                    }
                }
            ]
        }
    ]
}