{
    "logs": [
        {
            "outputFile": "C:\\Users\\SWAT SEAL\\AndroidStudioProjects\\AndroidLab1\\app\\build\\intermediates\\incremental\\mergeDebugResources\\merged.dir\\values-mr\\values-mr.xml",
            "map": [
                {
                    "source": "C:\\Users\\SWAT SEAL\\.gradle\\caches\\transforms-1\\files-1.1\\play-services-base-12.0.1.aar\\89b0f101fe1aa70c87fb7f0eed52e00d\\res\\values-mr\\values.xml",
                    "from": {
                        "startLines": "4,5,6,7,8,9,10,11,12,13,14,15,16,17,18,19,20",
                        "startColumns": "0,0,0,0,0,0,0,0,0,0,0,0,0,0,0,0,0",
                        "startOffsets": "245,351,547,669,779,983,1102,1236,1358,1567,1673,1855,1977,2175,2354,2440,2532",
                        "endColumns": "105,195,121,109,203,118,133,121,208,105,181,121,197,178,85,91,105",
                        "endOffsets": "350,546,668,778,982,1101,1235,1357,1566,1672,1854,1976,2174,2353,2439,2531,2637"
                    },
                    "to": {
                        "startLines": "33,34,35,36,37,38,39,40,42,43,44,45,46,47,48,49,50",
                        "startColumns": "4,4,4,4,4,4,4,4,4,4,4,4,4,4,4,4,4",
                        "startOffsets": "2471,2581,2777,2903,3017,3221,3344,3482,3810,4019,4129,4311,4437,4635,4818,4908,5004",
                        "endColumns": "109,195,125,113,203,122,137,125,208,109,181,125,197,182,89,95,109",
                        "endOffsets": "2576,2772,2898,3012,3216,3339,3477,3603,4014,4124,4306,4432,4630,4813,4903,4999,5109"
                    }
                },
                {
                    "source": "C:\\Users\\SWAT SEAL\\.gradle\\caches\\transforms-1\\files-1.1\\tweet-composer-3.1.1.aar\\8368696e21c9044d56364f96bd5962cb\\res\\values-mr\\values-mr.xml",
                    "from": {
                        "startLines": "2,3,4",
                        "startColumns": "4,4,4",
                        "startOffsets": "55,115,167",
                        "endColumns": "59,51,48",
                        "endOffsets": "110,162,211"
                    },
                    "to": {
                        "startLines": "61,66,69",
                        "startColumns": "4,4,4",
                        "startOffsets": "6017,6330,6466",
                        "endColumns": "59,51,48",
                        "endOffsets": "6072,6377,6510"
                    }
                },
                {
                    "source": "C:\\Users\\SWAT SEAL\\.gradle\\caches\\transforms-1\\files-1.1\\play-services-ads-12.0.1.aar\\aedd9b74a5b8bc5d64e95c7fac68cce6\\res\\values-mr\\values.xml",
                    "from": {
                        "startLines": "4,5,6,7,8,9,10",
                        "startColumns": "0,0,0,0,0,0,0",
                        "startOffsets": "199,270,389,455,522,604,718",
                        "endColumns": "70,118,65,66,81,113,70",
                        "endOffsets": "269,388,454,521,603,717,788"
                    },
                    "to": {
                        "startLines": "52,53,54,55,56,57,58",
                        "startColumns": "4,4,4,4,4,4,4",
                        "startOffsets": "5218,5293,5416,5486,5557,5643,5761",
                        "endColumns": "74,122,69,70,85,117,74",
                        "endOffsets": "5288,5411,5481,5552,5638,5756,5831"
                    }
                },
                {
                    "source": "C:\\Users\\SWAT SEAL\\.gradle\\caches\\transforms-1\\files-1.1\\tweet-ui-3.1.1.aar\\2c7c84cf51aa836c10091385d20372e6\\res\\values-mr\\values-mr.xml",
                    "from": {
                        "startLines": "2,6,10,14,15,16,17,18,19,20,21,22,23,24,25",
                        "startColumns": "4,4,4,4,4,4,4,4,4,4,4,4,4,4,4",
                        "startOffsets": "55,187,319,455,513,575,640,682,724,770,854,967,1045,1104,1180",
                        "endLines": "5,9,13,14,15,16,17,18,19,20,21,22,23,24,25",
                        "endColumns": "14,14,14,57,61,64,41,41,45,83,112,77,58,75,56",
                        "endOffsets": "182,314,450,508,570,635,677,719,765,849,962,1040,1099,1175,1232"
                    },
                    "to": {
                        "startLines": "2,6,10,62,63,64,67,68,70,71,72,73,74,75,76",
                        "startColumns": "4,4,4,4,4,4,4,4,4,4,4,4,4,4,4",
                        "startOffsets": "105,237,369,6077,6135,6197,6382,6424,6515,6561,6645,6758,6836,6895,6971",
                        "endLines": "5,9,13,62,63,64,67,68,70,71,72,73,74,75,76",
                        "endColumns": "14,14,14,57,61,64,41,41,45,83,112,77,58,75,56",
                        "endOffsets": "232,364,500,6130,6192,6257,6419,6461,6556,6640,6753,6831,6890,6966,7023"
                    }
                },
                {
                    "source": "C:\\Users\\SWAT SEAL\\.gradle\\caches\\transforms-1\\files-1.1\\firebase-messaging-12.0.1.aar\\9a578ef3c246ab54503e58b22a339597\\res\\values-mr\\values.xml",
                    "from": {
                        "startLines": "4",
                        "startColumns": "0",
                        "startOffsets": "205",
                        "endColumns": "99",
                        "endOffsets": "304"
                    },
                    "to": {
                        "startLines": "51",
                        "startColumns": "4",
                        "startOffsets": "5114",
                        "endColumns": "103",
                        "endOffsets": "5213"
                    }
                },
                {
                    "source": "C:\\Users\\SWAT SEAL\\.gradle\\caches\\transforms-1\\files-1.1\\twitter-core-3.1.1.aar\\3a6850a2453e06ad4d7296440af323e8\\res\\values-mr\\values-mr.xml",
                    "from": {
                        "startLines": "2",
                        "startColumns": "4",
                        "startOffsets": "55",
                        "endColumns": "67",
                        "endOffsets": "118"
                    },
                    "to": {
                        "startLines": "65",
                        "startColumns": "4",
                        "startOffsets": "6262",
                        "endColumns": "67",
                        "endOffsets": "6325"
                    }
                },
                {
                    "source": "C:\\Users\\SWAT SEAL\\.gradle\\caches\\transforms-1\\files-1.1\\appcompat-v7-26.1.0.aar\\7377b89c716771af69b51e258d8f6af8\\res\\values-mr\\values-mr.xml",
                    "from": {
                        "startLines": "2,3,4,5,6,7,8,9,10,11,12,13,14,15,16,17,18,19,20,21,22",
                        "startColumns": "4,4,4,4,4,4,4,4,4,4,4,4,4,4,4,4,4,4,4,4,4",
                        "startOffsets": "55,173,281,404,510,617,707,808,923,1000,1078,1158,1270,1372,1468,1577,1678,1793,1916,2021,2101",
                        "endColumns": "117,107,122,105,106,89,100,114,76,77,79,111,101,95,108,100,114,122,104,79,100",
                        "endOffsets": "168,276,399,505,612,702,803,918,995,1073,1153,1265,1367,1463,1572,1673,1788,1911,2016,2096,2197"
                    },
                    "to": {
                        "startLines": "14,15,16,17,18,19,20,21,22,23,24,25,26,27,28,29,30,31,32,59,60",
                        "startColumns": "4,4,4,4,4,4,4,4,4,4,4,4,4,4,4,4,4,4,4,4,4",
                        "startOffsets": "505,623,731,854,960,1067,1157,1258,1373,1450,1528,1608,1720,1822,1918,2027,2128,2243,2366,5836,5916",
                        "endColumns": "117,107,122,105,106,89,100,114,76,77,79,111,101,95,108,100,114,122,104,79,100",
                        "endOffsets": "618,726,849,955,1062,1152,1253,1368,1445,1523,1603,1715,1817,1913,2022,2123,2238,2361,2466,5911,6012"
                    }
                },
                {
                    "source": "C:\\Users\\SWAT SEAL\\.gradle\\caches\\transforms-1\\files-1.1\\play-services-basement-12.0.1.aar\\b951e0e2da5a9ce75a5b739a2eed04a8\\res\\values-mr\\values.xml",
                    "from": {
                        "startLines": "4",
                        "startColumns": "0",
                        "startOffsets": "247",
                        "endColumns": "201",
                        "endOffsets": "448"
                    },
                    "to": {
                        "startLines": "41",
                        "startColumns": "4",
                        "startOffsets": "3608",
                        "endColumns": "201",
                        "endOffsets": "3805"
                    }
                }
            ]
        }
    ]
}