{
    "logs": [
        {
            "outputFile": "C:\\Users\\SWAT SEAL\\AndroidStudioProjects\\AndroidLab1\\app\\build\\intermediates\\incremental\\mergeDebugResources\\merged.dir\\values-hy\\values-hy.xml",
            "map": [
                {
                    "source": "C:\\Users\\SWAT SEAL\\.gradle\\caches\\transforms-1\\files-1.1\\appcompat-v7-26.1.0.aar\\7377b89c716771af69b51e258d8f6af8\\res\\values-hy\\values-hy.xml",
                    "from": {
                        "startLines": "2,3,4,5,6,7,8,9,10,11,12,13,14,15,16,17,18,19,20,21,22",
                        "startColumns": "4,4,4,4,4,4,4,4,4,4,4,4,4,4,4,4,4,4,4,4,4",
                        "startOffsets": "55,158,266,389,490,600,689,795,910,992,1073,1158,1265,1372,1471,1581,1688,1788,1913,2012,2094",
                        "endColumns": "102,107,122,100,109,88,105,114,81,80,84,106,106,98,109,106,99,124,98,81,100",
                        "endOffsets": "153,261,384,485,595,684,790,905,987,1068,1153,1260,1367,1466,1576,1683,1783,1908,2007,2089,2190"
                    },
                    "to": {
                        "startLines": "2,3,4,5,6,7,8,9,10,11,12,13,14,15,16,17,18,19,20,47,48",
                        "startColumns": "4,4,4,4,4,4,4,4,4,4,4,4,4,4,4,4,4,4,4,4,4",
                        "startOffsets": "105,208,316,439,540,650,739,845,960,1042,1123,1208,1315,1422,1521,1631,1738,1838,1963,5575,5657",
                        "endColumns": "102,107,122,100,109,88,105,114,81,80,84,106,106,98,109,106,99,124,98,81,100",
                        "endOffsets": "203,311,434,535,645,734,840,955,1037,1118,1203,1310,1417,1516,1626,1733,1833,1958,2057,5652,5753"
                    }
                },
                {
                    "source": "C:\\Users\\SWAT SEAL\\.gradle\\caches\\transforms-1\\files-1.1\\play-services-base-12.0.1.aar\\89b0f101fe1aa70c87fb7f0eed52e00d\\res\\values-hy\\values.xml",
                    "from": {
                        "startLines": "4,5,6,7,8,9,10,11,12,13,14,15,16,17,18,19,20",
                        "startColumns": "0,0,0,0,0,0,0,0,0,0,0,0,0,0,0,0,0",
                        "startOffsets": "245,349,546,678,784,997,1131,1284,1422,1648,1754,1953,2087,2308,2500,2591,2684",
                        "endColumns": "103,196,131,105,212,133,152,137,225,105,198,133,220,191,90,92,106",
                        "endOffsets": "348,545,677,783,996,1130,1283,1421,1647,1753,1952,2086,2307,2499,2590,2683,2790"
                    },
                    "to": {
                        "startLines": "21,22,23,24,25,26,27,28,30,31,32,33,34,35,36,37,38",
                        "startColumns": "4,4,4,4,4,4,4,4,4,4,4,4,4,4,4,4,4",
                        "startOffsets": "2062,2170,2367,2503,2613,2826,2964,3121,3473,3699,3809,4008,4146,4367,4563,4658,4755",
                        "endColumns": "107,196,135,109,212,137,156,141,225,109,198,137,220,195,94,96,110",
                        "endOffsets": "2165,2362,2498,2608,2821,2959,3116,3258,3694,3804,4003,4141,4362,4558,4653,4750,4861"
                    }
                },
                {
                    "source": "C:\\Users\\SWAT SEAL\\.gradle\\caches\\transforms-1\\files-1.1\\play-services-basement-12.0.1.aar\\b951e0e2da5a9ce75a5b739a2eed04a8\\res\\values-hy\\values.xml",
                    "from": {
                        "startLines": "4",
                        "startColumns": "0",
                        "startOffsets": "247",
                        "endColumns": "209",
                        "endOffsets": "456"
                    },
                    "to": {
                        "startLines": "29",
                        "startColumns": "4",
                        "startOffsets": "3263",
                        "endColumns": "209",
                        "endOffsets": "3468"
                    }
                },
                {
                    "source": "C:\\Users\\SWAT SEAL\\.gradle\\caches\\transforms-1\\files-1.1\\firebase-messaging-12.0.1.aar\\9a578ef3c246ab54503e58b22a339597\\res\\values-hy\\values.xml",
                    "from": {
                        "startLines": "4",
                        "startColumns": "0",
                        "startOffsets": "205",
                        "endColumns": "101",
                        "endOffsets": "306"
                    },
                    "to": {
                        "startLines": "39",
                        "startColumns": "4",
                        "startOffsets": "4866",
                        "endColumns": "105",
                        "endOffsets": "4967"
                    }
                },
                {
                    "source": "C:\\Users\\SWAT SEAL\\.gradle\\caches\\transforms-1\\files-1.1\\play-services-ads-12.0.1.aar\\aedd9b74a5b8bc5d64e95c7fac68cce6\\res\\values-hy\\values.xml",
                    "from": {
                        "startLines": "4,5,6,7,8,9,10",
                        "startColumns": "0,0,0,0,0,0,0",
                        "startOffsets": "199,269,376,442,506,592,699",
                        "endColumns": "69,106,65,63,85,106,74",
                        "endOffsets": "268,375,441,505,591,698,773"
                    },
                    "to": {
                        "startLines": "40,41,42,43,44,45,46",
                        "startColumns": "4,4,4,4,4,4,4",
                        "startOffsets": "4972,5046,5157,5227,5295,5385,5496",
                        "endColumns": "73,110,69,67,89,110,78",
                        "endOffsets": "5041,5152,5222,5290,5380,5491,5570"
                    }
                }
            ]
        }
    ]
}