{
    "logs": [
        {
            "outputFile": "C:\\Users\\SWAT SEAL\\AndroidStudioProjects\\AndroidLab1\\app\\build\\intermediates\\incremental\\mergeDebugResources\\merged.dir\\values-ta\\values-ta.xml",
            "map": [
                {
                    "source": "C:\\Users\\SWAT SEAL\\.gradle\\caches\\transforms-1\\files-1.1\\play-services-base-12.0.1.aar\\89b0f101fe1aa70c87fb7f0eed52e00d\\res\\values-ta\\values.xml",
                    "from": {
                        "startLines": "4,5,6,7,8,9,10,11,12,13,14,15,16,17,18,19,20",
                        "startColumns": "0,0,0,0,0,0,0,0,0,0,0,0,0,0,0,0,0",
                        "startOffsets": "245,348,532,657,761,972,1098,1237,1363,1605,1710,1894,2027,2240,2422,2510,2599",
                        "endColumns": "102,183,124,103,210,125,138,125,241,104,183,132,212,181,87,88,105",
                        "endOffsets": "347,531,656,760,971,1097,1236,1362,1604,1709,1893,2026,2239,2421,2509,2598,2704"
                    },
                    "to": {
                        "startLines": "33,34,35,36,37,38,39,40,42,43,44,45,46,47,48,49,50",
                        "startColumns": "4,4,4,4,4,4,4,4,4,4,4,4,4,4,4,4,4",
                        "startOffsets": "2478,2585,2769,2898,3006,3217,3347,3490,3845,4087,4196,4380,4517,4730,4916,5008,5101",
                        "endColumns": "106,183,128,107,210,129,142,129,241,108,183,136,212,185,91,92,109",
                        "endOffsets": "2580,2764,2893,3001,3212,3342,3485,3615,4082,4191,4375,4512,4725,4911,5003,5096,5206"
                    }
                },
                {
                    "source": "C:\\Users\\SWAT SEAL\\.gradle\\caches\\transforms-1\\files-1.1\\play-services-basement-12.0.1.aar\\b951e0e2da5a9ce75a5b739a2eed04a8\\res\\values-ta\\values.xml",
                    "from": {
                        "startLines": "4",
                        "startColumns": "0",
                        "startOffsets": "247",
                        "endColumns": "224",
                        "endOffsets": "471"
                    },
                    "to": {
                        "startLines": "41",
                        "startColumns": "4",
                        "startOffsets": "3620",
                        "endColumns": "224",
                        "endOffsets": "3840"
                    }
                },
                {
                    "source": "C:\\Users\\SWAT SEAL\\.gradle\\caches\\transforms-1\\files-1.1\\play-services-ads-12.0.1.aar\\aedd9b74a5b8bc5d64e95c7fac68cce6\\res\\values-ta\\values.xml",
                    "from": {
                        "startLines": "4,5,6,7,8,9,10",
                        "startColumns": "0,0,0,0,0,0,0",
                        "startOffsets": "199,269,382,446,511,596,706",
                        "endColumns": "69,112,63,64,84,109,72",
                        "endOffsets": "268,381,445,510,595,705,778"
                    },
                    "to": {
                        "startLines": "52,53,54,55,56,57,58",
                        "startColumns": "4,4,4,4,4,4,4",
                        "startOffsets": "5316,5390,5507,5575,5644,5733,5847",
                        "endColumns": "73,116,67,68,88,113,76",
                        "endOffsets": "5385,5502,5570,5639,5728,5842,5919"
                    }
                },
                {
                    "source": "C:\\Users\\SWAT SEAL\\.gradle\\caches\\transforms-1\\files-1.1\\appcompat-v7-26.1.0.aar\\7377b89c716771af69b51e258d8f6af8\\res\\values-ta\\values-ta.xml",
                    "from": {
                        "startLines": "2,3,4,5,6,7,8,9,10,11,12,13,14,15,16,17,18,19,20,21,22",
                        "startColumns": "4,4,4,4,4,4,4,4,4,4,4,4,4,4,4,4,4,4,4,4,4",
                        "startOffsets": "55,169,277,400,505,620,709,816,942,1023,1103,1185,1287,1391,1488,1598,1700,1807,1926,2026,2106",
                        "endColumns": "113,107,122,104,114,88,106,125,80,79,81,101,103,96,109,101,106,118,99,79,100",
                        "endOffsets": "164,272,395,500,615,704,811,937,1018,1098,1180,1282,1386,1483,1593,1695,1802,1921,2021,2101,2202"
                    },
                    "to": {
                        "startLines": "14,15,16,17,18,19,20,21,22,23,24,25,26,27,28,29,30,31,32,59,60",
                        "startColumns": "4,4,4,4,4,4,4,4,4,4,4,4,4,4,4,4,4,4,4,4,4",
                        "startOffsets": "507,621,729,852,957,1072,1161,1268,1394,1475,1555,1637,1739,1843,1940,2050,2152,2259,2378,5924,6004",
                        "endColumns": "113,107,122,104,114,88,106,125,80,79,81,101,103,96,109,101,106,118,99,79,100",
                        "endOffsets": "616,724,847,952,1067,1156,1263,1389,1470,1550,1632,1734,1838,1935,2045,2147,2254,2373,2473,5999,6100"
                    }
                },
                {
                    "source": "C:\\Users\\SWAT SEAL\\.gradle\\caches\\transforms-1\\files-1.1\\firebase-messaging-12.0.1.aar\\9a578ef3c246ab54503e58b22a339597\\res\\values-ta\\values.xml",
                    "from": {
                        "startLines": "4",
                        "startColumns": "0",
                        "startOffsets": "205",
                        "endColumns": "100",
                        "endOffsets": "305"
                    },
                    "to": {
                        "startLines": "51",
                        "startColumns": "4",
                        "startOffsets": "5211",
                        "endColumns": "104",
                        "endOffsets": "5311"
                    }
                },
                {
                    "source": "C:\\Users\\SWAT SEAL\\.gradle\\caches\\transforms-1\\files-1.1\\tweet-composer-3.1.1.aar\\8368696e21c9044d56364f96bd5962cb\\res\\values-ta\\values-ta.xml",
                    "from": {
                        "startLines": "2,3,4",
                        "startColumns": "4,4,4",
                        "startOffsets": "55,117,169",
                        "endColumns": "61,51,54",
                        "endOffsets": "112,164,219"
                    },
                    "to": {
                        "startLines": "61,66,69",
                        "startColumns": "4,4,4",
                        "startOffsets": "6105,6431,6577",
                        "endColumns": "61,51,54",
                        "endOffsets": "6162,6478,6627"
                    }
                },
                {
                    "source": "C:\\Users\\SWAT SEAL\\.gradle\\caches\\transforms-1\\files-1.1\\twitter-core-3.1.1.aar\\3a6850a2453e06ad4d7296440af323e8\\res\\values-ta\\values-ta.xml",
                    "from": {
                        "startLines": "2",
                        "startColumns": "4",
                        "startOffsets": "55",
                        "endColumns": "71",
                        "endOffsets": "122"
                    },
                    "to": {
                        "startLines": "65",
                        "startColumns": "4",
                        "startOffsets": "6359",
                        "endColumns": "71",
                        "endOffsets": "6426"
                    }
                },
                {
                    "source": "C:\\Users\\SWAT SEAL\\.gradle\\caches\\transforms-1\\files-1.1\\tweet-ui-3.1.1.aar\\2c7c84cf51aa836c10091385d20372e6\\res\\values-ta\\values-ta.xml",
                    "from": {
                        "startLines": "2,6,10,14,15,16,17,18,19,20,21,22,23,24,25",
                        "startColumns": "4,4,4,4,4,4,4,4,4,4,4,4,4,4,4",
                        "startOffsets": "55,191,324,457,516,583,649,699,743,798,884,1009,1095,1156,1232",
                        "endLines": "5,9,13,14,15,16,17,18,19,20,21,22,23,24,25",
                        "endColumns": "14,14,14,58,66,65,49,43,54,85,124,85,60,75,56",
                        "endOffsets": "186,319,452,511,578,644,694,738,793,879,1004,1090,1151,1227,1284"
                    },
                    "to": {
                        "startLines": "2,6,10,62,63,64,67,68,70,71,72,73,74,75,76",
                        "startColumns": "4,4,4,4,4,4,4,4,4,4,4,4,4,4,4",
                        "startOffsets": "105,241,374,6167,6226,6293,6483,6533,6632,6687,6773,6898,6984,7045,7121",
                        "endLines": "5,9,13,62,63,64,67,68,70,71,72,73,74,75,76",
                        "endColumns": "14,14,14,58,66,65,49,43,54,85,124,85,60,75,56",
                        "endOffsets": "236,369,502,6221,6288,6354,6528,6572,6682,6768,6893,6979,7040,7116,7173"
                    }
                }
            ]
        }
    ]
}