{
    "logs": [
        {
            "outputFile": "C:\\Users\\SWAT SEAL\\AndroidStudioProjects\\AndroidLab1\\app\\build\\intermediates\\incremental\\mergeDebugResources\\merged.dir\\values-lv\\values-lv.xml",
            "map": [
                {
                    "source": "C:\\Users\\SWAT SEAL\\.gradle\\caches\\transforms-1\\files-1.1\\appcompat-v7-26.1.0.aar\\7377b89c716771af69b51e258d8f6af8\\res\\values-lv\\values-lv.xml",
                    "from": {
                        "startLines": "2,3,4,5,6,7,8,9,10,11,12,13,14,15,16,17,18,19,20,21,22",
                        "startColumns": "4,4,4,4,4,4,4,4,4,4,4,4,4,4,4,4,4,4,4,4,4",
                        "startOffsets": "55,175,283,406,514,623,709,813,935,1017,1099,1184,1293,1405,1504,1615,1724,1829,1948,2047,2129",
                        "endColumns": "119,107,122,107,108,85,103,121,81,81,84,108,111,98,110,108,104,118,98,81,100",
                        "endOffsets": "170,278,401,509,618,704,808,930,1012,1094,1179,1288,1400,1499,1610,1719,1824,1943,2042,2124,2225"
                    },
                    "to": {
                        "startLines": "2,3,4,5,6,7,8,9,10,11,12,13,14,15,16,17,18,19,20,47,48",
                        "startColumns": "4,4,4,4,4,4,4,4,4,4,4,4,4,4,4,4,4,4,4,4,4",
                        "startOffsets": "105,225,333,456,564,673,759,863,985,1067,1149,1234,1343,1455,1554,1665,1774,1879,1998,5594,5676",
                        "endColumns": "119,107,122,107,108,85,103,121,81,81,84,108,111,98,110,108,104,118,98,81,100",
                        "endOffsets": "220,328,451,559,668,754,858,980,1062,1144,1229,1338,1450,1549,1660,1769,1874,1993,2092,5671,5772"
                    }
                },
                {
                    "source": "C:\\Users\\SWAT SEAL\\.gradle\\caches\\transforms-1\\files-1.1\\play-services-base-12.0.1.aar\\89b0f101fe1aa70c87fb7f0eed52e00d\\res\\values-lv\\values.xml",
                    "from": {
                        "startLines": "4,5,6,7,8,9,10,11,12,13,14,15,16,17,18,19,20",
                        "startColumns": "0,0,0,0,0,0,0,0,0,0,0,0,0,0,0,0,0",
                        "startOffsets": "245,350,543,674,780,981,1110,1253,1384,1618,1725,1925,2058,2286,2467,2557,2651",
                        "endColumns": "104,192,130,105,200,128,142,130,233,106,199,132,227,180,89,93,113",
                        "endOffsets": "349,542,673,779,980,1109,1252,1383,1617,1724,1924,2057,2285,2466,2556,2650,2764"
                    },
                    "to": {
                        "startLines": "21,22,23,24,25,26,27,28,30,31,32,33,34,35,36,37,38",
                        "startColumns": "4,4,4,4,4,4,4,4,4,4,4,4,4,4,4,4,4",
                        "startOffsets": "2097,2206,2399,2534,2644,2845,2978,3125,3485,3719,3830,4030,4167,4395,4580,4674,4772",
                        "endColumns": "108,192,134,109,200,132,146,134,233,110,199,136,227,184,93,97,117",
                        "endOffsets": "2201,2394,2529,2639,2840,2973,3120,3255,3714,3825,4025,4162,4390,4575,4669,4767,4885"
                    }
                },
                {
                    "source": "C:\\Users\\SWAT SEAL\\.gradle\\caches\\transforms-1\\files-1.1\\play-services-ads-12.0.1.aar\\aedd9b74a5b8bc5d64e95c7fac68cce6\\res\\values-lv\\values.xml",
                    "from": {
                        "startLines": "4,5,6,7,8,9,10",
                        "startColumns": "0,0,0,0,0,0,0",
                        "startOffsets": "199,274,377,443,509,593,699",
                        "endColumns": "74,102,65,65,83,105,70",
                        "endOffsets": "273,376,442,508,592,698,769"
                    },
                    "to": {
                        "startLines": "40,41,42,43,44,45,46",
                        "startColumns": "4,4,4,4,4,4,4",
                        "startOffsets": "4995,5074,5181,5251,5321,5409,5519",
                        "endColumns": "78,106,69,69,87,109,74",
                        "endOffsets": "5069,5176,5246,5316,5404,5514,5589"
                    }
                },
                {
                    "source": "C:\\Users\\SWAT SEAL\\.gradle\\caches\\transforms-1\\files-1.1\\play-services-basement-12.0.1.aar\\b951e0e2da5a9ce75a5b739a2eed04a8\\res\\values-lv\\values.xml",
                    "from": {
                        "startLines": "4",
                        "startColumns": "0",
                        "startOffsets": "247",
                        "endColumns": "224",
                        "endOffsets": "471"
                    },
                    "to": {
                        "startLines": "29",
                        "startColumns": "4",
                        "startOffsets": "3260",
                        "endColumns": "224",
                        "endOffsets": "3480"
                    }
                },
                {
                    "source": "C:\\Users\\SWAT SEAL\\.gradle\\caches\\transforms-1\\files-1.1\\firebase-messaging-12.0.1.aar\\9a578ef3c246ab54503e58b22a339597\\res\\values-lv\\values.xml",
                    "from": {
                        "startLines": "4",
                        "startColumns": "0",
                        "startOffsets": "205",
                        "endColumns": "100",
                        "endOffsets": "305"
                    },
                    "to": {
                        "startLines": "39",
                        "startColumns": "4",
                        "startOffsets": "4890",
                        "endColumns": "104",
                        "endOffsets": "4990"
                    }
                }
            ]
        }
    ]
}