{
    "logs": [
        {
            "outputFile": "C:\\Users\\SWAT SEAL\\AndroidStudioProjects\\AndroidLab1\\app\\build\\intermediates\\incremental\\mergeDebugResources\\merged.dir\\values-in\\values-in.xml",
            "map": [
                {
                    "source": "C:\\Users\\SWAT SEAL\\.gradle\\caches\\transforms-1\\files-1.1\\firebase-messaging-12.0.1.aar\\9a578ef3c246ab54503e58b22a339597\\res\\values-in\\values.xml",
                    "from": {
                        "startLines": "4",
                        "startColumns": "0",
                        "startOffsets": "205",
                        "endColumns": "103",
                        "endOffsets": "308"
                    },
                    "to": {
                        "startLines": "51",
                        "startColumns": "4",
                        "startOffsets": "5164",
                        "endColumns": "107",
                        "endOffsets": "5267"
                    }
                },
                {
                    "source": "C:\\Users\\SWAT SEAL\\.gradle\\caches\\transforms-1\\files-1.1\\twitter-core-3.1.1.aar\\3a6850a2453e06ad4d7296440af323e8\\res\\values-in\\values-in.xml",
                    "from": {
                        "startLines": "2",
                        "startColumns": "4",
                        "startOffsets": "55",
                        "endColumns": "66",
                        "endOffsets": "117"
                    },
                    "to": {
                        "startLines": "65",
                        "startColumns": "4",
                        "startOffsets": "6268",
                        "endColumns": "66",
                        "endOffsets": "6330"
                    }
                },
                {
                    "source": "C:\\Users\\SWAT SEAL\\.gradle\\caches\\transforms-1\\files-1.1\\appcompat-v7-26.1.0.aar\\7377b89c716771af69b51e258d8f6af8\\res\\values-in\\values-in.xml",
                    "from": {
                        "startLines": "2,3,4,5,6,7,8,9,10,11,12,13,14,15,16,17,18,19,20,21,22",
                        "startColumns": "4,4,4,4,4,4,4,4,4,4,4,4,4,4,4,4,4,4,4,4,4",
                        "startOffsets": "55,165,273,396,498,603,690,794,910,992,1071,1157,1260,1369,1470,1574,1682,1790,1913,2012,2096",
                        "endColumns": "109,107,122,101,104,86,103,115,81,78,85,102,108,100,103,107,107,122,98,83,100",
                        "endOffsets": "160,268,391,493,598,685,789,905,987,1066,1152,1255,1364,1465,1569,1677,1785,1908,2007,2091,2192"
                    },
                    "to": {
                        "startLines": "14,15,16,17,18,19,20,21,22,23,24,25,26,27,28,29,30,31,32,59,60",
                        "startColumns": "4,4,4,4,4,4,4,4,4,4,4,4,4,4,4,4,4,4,4,4,4",
                        "startOffsets": "517,627,735,858,960,1065,1152,1256,1372,1454,1533,1619,1722,1831,1932,2036,2144,2252,2375,5840,5924",
                        "endColumns": "109,107,122,101,104,86,103,115,81,78,85,102,108,100,103,107,107,122,98,83,100",
                        "endOffsets": "622,730,853,955,1060,1147,1251,1367,1449,1528,1614,1717,1826,1927,2031,2139,2247,2370,2469,5919,6020"
                    }
                },
                {
                    "source": "C:\\Users\\SWAT SEAL\\.gradle\\caches\\transforms-1\\files-1.1\\tweet-composer-3.1.1.aar\\8368696e21c9044d56364f96bd5962cb\\res\\values-in\\values-in.xml",
                    "from": {
                        "startLines": "2,3,4",
                        "startColumns": "4,4,4",
                        "startOffsets": "55,126,178",
                        "endColumns": "70,51,48",
                        "endOffsets": "121,173,222"
                    },
                    "to": {
                        "startLines": "61,66,69",
                        "startColumns": "4,4,4",
                        "startOffsets": "6025,6335,6473",
                        "endColumns": "70,51,48",
                        "endOffsets": "6091,6382,6517"
                    }
                },
                {
                    "source": "C:\\Users\\SWAT SEAL\\.gradle\\caches\\transforms-1\\files-1.1\\tweet-ui-3.1.1.aar\\2c7c84cf51aa836c10091385d20372e6\\res\\values-in\\values-in.xml",
                    "from": {
                        "startLines": "2,6,10,14,15,16,17,18,19,20,21,22,23,24,25,26,27",
                        "startColumns": "4,4,4,4,4,4,4,4,4,4,4,4,4,4,4,4,4",
                        "startOffsets": "55,193,330,467,525,580,639,682,725,789,854,905,978,1088,1166,1225,1301",
                        "endLines": "5,9,13,14,15,16,17,18,19,20,21,22,23,24,25,26,27",
                        "endColumns": "14,14,14,57,54,58,42,42,63,64,50,72,109,77,58,75,55",
                        "endOffsets": "188,325,462,520,575,634,677,720,784,849,900,973,1083,1161,1220,1296,1352"
                    },
                    "to": {
                        "startLines": "2,6,10,62,63,64,67,68,70,71,72,73,74,75,76,77,78",
                        "startColumns": "4,4,4,4,4,4,4,4,4,4,4,4,4,4,4,4,4",
                        "startOffsets": "105,243,380,6096,6154,6209,6387,6430,6522,6586,6651,6702,6775,6885,6963,7022,7098",
                        "endLines": "5,9,13,62,63,64,67,68,70,71,72,73,74,75,76,77,78",
                        "endColumns": "14,14,14,57,54,58,42,42,63,64,50,72,109,77,58,75,55",
                        "endOffsets": "238,375,512,6149,6204,6263,6425,6468,6581,6646,6697,6770,6880,6958,7017,7093,7149"
                    }
                },
                {
                    "source": "C:\\Users\\SWAT SEAL\\.gradle\\caches\\transforms-1\\files-1.1\\play-services-base-12.0.1.aar\\89b0f101fe1aa70c87fb7f0eed52e00d\\res\\values-in\\values.xml",
                    "from": {
                        "startLines": "4,5,6,7,8,9,10,11,12,13,14,15,16,17,18,19,20",
                        "startColumns": "0,0,0,0,0,0,0,0,0,0,0,0,0,0,0,0,0",
                        "startOffsets": "245,350,546,670,774,988,1113,1254,1385,1610,1713,1908,2032,2246,2416,2506,2592",
                        "endColumns": "104,195,123,103,213,124,140,130,224,102,194,123,213,169,89,85,103",
                        "endOffsets": "349,545,669,773,987,1112,1253,1384,1609,1712,1907,2031,2245,2415,2505,2591,2695"
                    },
                    "to": {
                        "startLines": "33,34,35,36,37,38,39,40,42,43,44,45,46,47,48,49,50",
                        "startColumns": "4,4,4,4,4,4,4,4,4,4,4,4,4,4,4,4,4",
                        "startOffsets": "2474,2583,2779,2907,3015,3229,3358,3503,3829,4054,4161,4356,4484,4698,4872,4966,5056",
                        "endColumns": "108,195,127,107,213,128,144,134,224,106,194,127,213,173,93,89,107",
                        "endOffsets": "2578,2774,2902,3010,3224,3353,3498,3633,4049,4156,4351,4479,4693,4867,4961,5051,5159"
                    }
                },
                {
                    "source": "C:\\Users\\SWAT SEAL\\.gradle\\caches\\transforms-1\\files-1.1\\play-services-basement-12.0.1.aar\\b951e0e2da5a9ce75a5b739a2eed04a8\\res\\values-in\\values.xml",
                    "from": {
                        "startLines": "4",
                        "startColumns": "0",
                        "startOffsets": "247",
                        "endColumns": "190",
                        "endOffsets": "437"
                    },
                    "to": {
                        "startLines": "41",
                        "startColumns": "4",
                        "startOffsets": "3638",
                        "endColumns": "190",
                        "endOffsets": "3824"
                    }
                },
                {
                    "source": "C:\\Users\\SWAT SEAL\\.gradle\\caches\\transforms-1\\files-1.1\\play-services-ads-12.0.1.aar\\aedd9b74a5b8bc5d64e95c7fac68cce6\\res\\values-in\\values.xml",
                    "from": {
                        "startLines": "4,5,6,7,8,9,10",
                        "startColumns": "0,0,0,0,0,0,0",
                        "startOffsets": "199,269,373,437,500,577,672",
                        "endColumns": "69,103,63,62,76,94,66",
                        "endOffsets": "268,372,436,499,576,671,738"
                    },
                    "to": {
                        "startLines": "52,53,54,55,56,57,58",
                        "startColumns": "4,4,4,4,4,4,4",
                        "startOffsets": "5272,5346,5454,5522,5589,5670,5769",
                        "endColumns": "73,107,67,66,80,98,70",
                        "endOffsets": "5341,5449,5517,5584,5665,5764,5835"
                    }
                }
            ]
        }
    ]
}