{
    "logs": [
        {
            "outputFile": "C:\\Users\\SWAT SEAL\\AndroidStudioProjects\\AndroidLab1\\app\\build\\intermediates\\incremental\\mergeDebugResources\\merged.dir\\values-nl\\values-nl.xml",
            "map": [
                {
                    "source": "C:\\Users\\SWAT SEAL\\.gradle\\caches\\transforms-1\\files-1.1\\play-services-base-12.0.1.aar\\89b0f101fe1aa70c87fb7f0eed52e00d\\res\\values-nl\\values.xml",
                    "from": {
                        "startLines": "4,5,6,7,8,9,10,11,12,13,14,15,16,17,18,19,20",
                        "startColumns": "0,0,0,0,0,0,0,0,0,0,0,0,0,0,0,0,0",
                        "startOffsets": "245,353,540,668,777,1003,1128,1277,1408,1645,1749,1949,2073,2295,2503,2597,2686",
                        "endColumns": "107,186,127,108,225,124,148,130,236,103,199,123,221,207,93,88,103",
                        "endOffsets": "352,539,667,776,1002,1127,1276,1407,1644,1748,1948,2072,2294,2502,2596,2685,2789"
                    },
                    "to": {
                        "startLines": "33,34,35,36,37,38,39,40,42,43,44,45,46,47,48,49,50",
                        "startColumns": "4,4,4,4,4,4,4,4,4,4,4,4,4,4,4,4,4",
                        "startOffsets": "2476,2588,2775,2907,3020,3246,3375,3528,3865,4102,4210,4410,4538,4760,4972,5070,5163",
                        "endColumns": "111,186,131,112,225,128,152,134,236,107,199,127,221,211,97,92,107",
                        "endOffsets": "2583,2770,2902,3015,3241,3370,3523,3658,4097,4205,4405,4533,4755,4967,5065,5158,5266"
                    }
                },
                {
                    "source": "C:\\Users\\SWAT SEAL\\.gradle\\caches\\transforms-1\\files-1.1\\play-services-basement-12.0.1.aar\\b951e0e2da5a9ce75a5b739a2eed04a8\\res\\values-nl\\values.xml",
                    "from": {
                        "startLines": "4",
                        "startColumns": "0",
                        "startOffsets": "247",
                        "endColumns": "201",
                        "endOffsets": "448"
                    },
                    "to": {
                        "startLines": "41",
                        "startColumns": "4",
                        "startOffsets": "3663",
                        "endColumns": "201",
                        "endOffsets": "3860"
                    }
                },
                {
                    "source": "C:\\Users\\SWAT SEAL\\.gradle\\caches\\transforms-1\\files-1.1\\tweet-composer-3.1.1.aar\\8368696e21c9044d56364f96bd5962cb\\res\\values-nl\\values-nl.xml",
                    "from": {
                        "startLines": "2,3,4",
                        "startColumns": "4,4,4",
                        "startOffsets": "55,117,169",
                        "endColumns": "61,51,48",
                        "endOffsets": "112,164,213"
                    },
                    "to": {
                        "startLines": "61,66,69",
                        "startColumns": "4,4,4",
                        "startOffsets": "6180,6488,6633",
                        "endColumns": "61,51,48",
                        "endOffsets": "6237,6535,6677"
                    }
                },
                {
                    "source": "C:\\Users\\SWAT SEAL\\.gradle\\caches\\transforms-1\\files-1.1\\appcompat-v7-26.1.0.aar\\7377b89c716771af69b51e258d8f6af8\\res\\values-nl\\values-nl.xml",
                    "from": {
                        "startLines": "2,3,4,5,6,7,8,9,10,11,12,13,14,15,16,17,18,19,20,21,22",
                        "startColumns": "4,4,4,4,4,4,4,4,4,4,4,4,4,4,4,4,4,4,4,4,4",
                        "startOffsets": "55,173,281,404,509,616,702,810,930,1007,1084,1166,1277,1381,1480,1595,1708,1811,1929,2032,2114",
                        "endColumns": "117,107,122,104,106,85,107,119,76,76,81,110,103,98,114,112,102,117,102,81,100",
                        "endOffsets": "168,276,399,504,611,697,805,925,1002,1079,1161,1272,1376,1475,1590,1703,1806,1924,2027,2109,2210"
                    },
                    "to": {
                        "startLines": "14,15,16,17,18,19,20,21,22,23,24,25,26,27,28,29,30,31,32,59,60",
                        "startColumns": "4,4,4,4,4,4,4,4,4,4,4,4,4,4,4,4,4,4,4,4,4",
                        "startOffsets": "499,617,725,848,953,1060,1146,1254,1374,1451,1528,1610,1721,1825,1924,2039,2152,2255,2373,5997,6079",
                        "endColumns": "117,107,122,104,106,85,107,119,76,76,81,110,103,98,114,112,102,117,102,81,100",
                        "endOffsets": "612,720,843,948,1055,1141,1249,1369,1446,1523,1605,1716,1820,1919,2034,2147,2250,2368,2471,6074,6175"
                    }
                },
                {
                    "source": "C:\\Users\\SWAT SEAL\\.gradle\\caches\\transforms-1\\files-1.1\\tweet-ui-3.1.1.aar\\2c7c84cf51aa836c10091385d20372e6\\res\\values-nl\\values-nl.xml",
                    "from": {
                        "startLines": "2,6,10,14,15,16,17,18,19,20,21,22,23,24,25,26,27",
                        "startColumns": "4,4,4,4,4,4,4,4,4,4,4,4,4,4,4,4,4",
                        "startOffsets": "55,187,318,449,510,569,628,675,721,785,850,906,978,1096,1173,1229,1305",
                        "endLines": "5,9,13,14,15,16,17,18,19,20,21,22,23,24,25,26,27",
                        "endColumns": "14,14,14,60,58,58,46,45,63,64,55,71,117,76,55,75,54",
                        "endOffsets": "182,313,444,505,564,623,670,716,780,845,901,973,1091,1168,1224,1300,1355"
                    },
                    "to": {
                        "startLines": "2,6,10,62,63,64,67,68,70,71,72,73,74,75,76,77,78",
                        "startColumns": "4,4,4,4,4,4,4,4,4,4,4,4,4,4,4,4,4",
                        "startOffsets": "105,237,368,6242,6303,6362,6540,6587,6682,6746,6811,6867,6939,7057,7134,7190,7266",
                        "endLines": "5,9,13,62,63,64,67,68,70,71,72,73,74,75,76,77,78",
                        "endColumns": "14,14,14,60,58,58,46,45,63,64,55,71,117,76,55,75,54",
                        "endOffsets": "232,363,494,6298,6357,6416,6582,6628,6741,6806,6862,6934,7052,7129,7185,7261,7316"
                    }
                },
                {
                    "source": "C:\\Users\\SWAT SEAL\\.gradle\\caches\\transforms-1\\files-1.1\\play-services-ads-12.0.1.aar\\aedd9b74a5b8bc5d64e95c7fac68cce6\\res\\values-nl\\values.xml",
                    "from": {
                        "startLines": "4,5,6,7,8,9,10",
                        "startColumns": "0,0,0,0,0,0,0",
                        "startOffsets": "199,274,394,462,528,607,718",
                        "endColumns": "74,119,67,65,78,110,72",
                        "endOffsets": "273,393,461,527,606,717,790"
                    },
                    "to": {
                        "startLines": "52,53,54,55,56,57,58",
                        "startColumns": "4,4,4,4,4,4,4",
                        "startOffsets": "5377,5456,5580,5652,5722,5805,5920",
                        "endColumns": "78,123,71,69,82,114,76",
                        "endOffsets": "5451,5575,5647,5717,5800,5915,5992"
                    }
                },
                {
                    "source": "C:\\Users\\SWAT SEAL\\.gradle\\caches\\transforms-1\\files-1.1\\firebase-messaging-12.0.1.aar\\9a578ef3c246ab54503e58b22a339597\\res\\values-nl\\values.xml",
                    "from": {
                        "startLines": "4",
                        "startColumns": "0",
                        "startOffsets": "205",
                        "endColumns": "101",
                        "endOffsets": "306"
                    },
                    "to": {
                        "startLines": "51",
                        "startColumns": "4",
                        "startOffsets": "5271",
                        "endColumns": "105",
                        "endOffsets": "5372"
                    }
                },
                {
                    "source": "C:\\Users\\SWAT SEAL\\.gradle\\caches\\transforms-1\\files-1.1\\twitter-core-3.1.1.aar\\3a6850a2453e06ad4d7296440af323e8\\res\\values-nl\\values-nl.xml",
                    "from": {
                        "startLines": "2",
                        "startColumns": "4",
                        "startOffsets": "55",
                        "endColumns": "66",
                        "endOffsets": "117"
                    },
                    "to": {
                        "startLines": "65",
                        "startColumns": "4",
                        "startOffsets": "6421",
                        "endColumns": "66",
                        "endOffsets": "6483"
                    }
                }
            ]
        }
    ]
}