{
    "logs": [
        {
            "outputFile": "C:\\Users\\SWAT SEAL\\AndroidStudioProjects\\AndroidLab1\\app\\build\\intermediates\\incremental\\mergeDebugResources\\merged.dir\\values-pt\\values-pt.xml",
            "map": [
                {
                    "source": "C:\\Users\\SWAT SEAL\\.gradle\\caches\\transforms-1\\files-1.1\\tweet-ui-3.1.1.aar\\2c7c84cf51aa836c10091385d20372e6\\res\\values-pt\\values-pt.xml",
                    "from": {
                        "startLines": "2,6,10,14,15,16,17,18,19,20,21,22,23,24,25,26,27",
                        "startColumns": "4,4,4,4,4,4,4,4,4,4,4,4,4,4,4,4,4",
                        "startOffsets": "55,187,318,449,505,560,623,668,716,781,853,900,972,1089,1165,1228,1304",
                        "endLines": "5,9,13,14,15,16,17,18,19,20,21,22,23,24,25,26,27",
                        "endColumns": "14,14,14,55,54,62,44,47,64,71,46,71,116,75,62,75,58",
                        "endOffsets": "182,313,444,500,555,618,663,711,776,848,895,967,1084,1160,1223,1299,1358"
                    },
                    "to": {
                        "startLines": "2,6,10,36,37,38,41,42,44,45,46,47,48,49,50,51,52",
                        "startColumns": "4,4,4,4,4,4,4,4,4,4,4,4,4,4,4,4,4",
                        "startOffsets": "55,187,318,2698,2754,2809,2991,3036,3135,3200,3272,3319,3391,3508,3584,3647,3723",
                        "endLines": "5,9,13,36,37,38,41,42,44,45,46,47,48,49,50,51,52",
                        "endColumns": "14,14,14,55,54,62,44,47,64,71,46,71,116,75,62,75,58",
                        "endOffsets": "182,313,444,2749,2804,2867,3031,3079,3195,3267,3314,3386,3503,3579,3642,3718,3777"
                    }
                },
                {
                    "source": "C:\\Users\\SWAT SEAL\\.gradle\\caches\\transforms-1\\files-1.1\\twitter-core-3.1.1.aar\\3a6850a2453e06ad4d7296440af323e8\\res\\values-pt\\values-pt.xml",
                    "from": {
                        "startLines": "2",
                        "startColumns": "4",
                        "startOffsets": "55",
                        "endColumns": "66",
                        "endOffsets": "117"
                    },
                    "to": {
                        "startLines": "39",
                        "startColumns": "4",
                        "startOffsets": "2872",
                        "endColumns": "66",
                        "endOffsets": "2934"
                    }
                },
                {
                    "source": "C:\\Users\\SWAT SEAL\\.gradle\\caches\\transforms-1\\files-1.1\\tweet-composer-3.1.1.aar\\8368696e21c9044d56364f96bd5962cb\\res\\values-pt\\values-pt.xml",
                    "from": {
                        "startLines": "2,3,4",
                        "startColumns": "4,4,4",
                        "startOffsets": "55,125,177",
                        "endColumns": "69,51,50",
                        "endOffsets": "120,172,223"
                    },
                    "to": {
                        "startLines": "35,40,43",
                        "startColumns": "4,4,4",
                        "startOffsets": "2628,2939,3084",
                        "endColumns": "69,51,50",
                        "endOffsets": "2693,2986,3130"
                    }
                },
                {
                    "source": "C:\\Users\\SWAT SEAL\\.gradle\\caches\\transforms-1\\files-1.1\\appcompat-v7-26.1.0.aar\\7377b89c716771af69b51e258d8f6af8\\res\\values-pt\\values-pt.xml",
                    "from": {
                        "startLines": "2,3,4,5,6,7,8,9,10,11,12,13,14,15,16,17,18,19,20,21,22",
                        "startColumns": "4,4,4,4,4,4,4,4,4,4,4,4,4,4,4,4,4,4,4,4,4",
                        "startOffsets": "55,175,283,406,512,619,708,809,927,1010,1090,1177,1284,1396,1498,1606,1713,1823,1948,2048,2133",
                        "endColumns": "119,107,122,105,106,88,100,117,82,79,86,106,111,101,107,106,109,124,99,84,100",
                        "endOffsets": "170,278,401,507,614,703,804,922,1005,1085,1172,1279,1391,1493,1601,1708,1818,1943,2043,2128,2229"
                    },
                    "to": {
                        "startLines": "14,15,16,17,18,19,20,21,22,23,24,25,26,27,28,29,30,31,32,33,34",
                        "startColumns": "4,4,4,4,4,4,4,4,4,4,4,4,4,4,4,4,4,4,4,4,4",
                        "startOffsets": "449,569,677,800,906,1013,1102,1203,1321,1404,1484,1571,1678,1790,1892,2000,2107,2217,2342,2442,2527",
                        "endColumns": "119,107,122,105,106,88,100,117,82,79,86,106,111,101,107,106,109,124,99,84,100",
                        "endOffsets": "564,672,795,901,1008,1097,1198,1316,1399,1479,1566,1673,1785,1887,1995,2102,2212,2337,2437,2522,2623"
                    }
                }
            ]
        }
    ]
}