{
    "logs": [
        {
            "outputFile": "C:\\Users\\SWAT SEAL\\AndroidStudioProjects\\AndroidLab1\\app\\build\\intermediates\\incremental\\mergeDebugResources\\merged.dir\\values-te\\values-te.xml",
            "map": [
                {
                    "source": "C:\\Users\\SWAT SEAL\\.gradle\\caches\\transforms-1\\files-1.1\\firebase-messaging-12.0.1.aar\\9a578ef3c246ab54503e58b22a339597\\res\\values-te\\values.xml",
                    "from": {
                        "startLines": "4",
                        "startColumns": "0",
                        "startOffsets": "205",
                        "endColumns": "100",
                        "endOffsets": "305"
                    },
                    "to": {
                        "startLines": "39",
                        "startColumns": "4",
                        "startOffsets": "4793",
                        "endColumns": "104",
                        "endOffsets": "4893"
                    }
                },
                {
                    "source": "C:\\Users\\SWAT SEAL\\.gradle\\caches\\transforms-1\\files-1.1\\play-services-ads-12.0.1.aar\\aedd9b74a5b8bc5d64e95c7fac68cce6\\res\\values-te\\values.xml",
                    "from": {
                        "startLines": "4,5,6,7,8,9,10",
                        "startColumns": "0,0,0,0,0,0,0",
                        "startOffsets": "199,276,398,465,534,622,737",
                        "endColumns": "76,121,66,68,87,114,78",
                        "endOffsets": "275,397,464,533,621,736,815"
                    },
                    "to": {
                        "startLines": "40,41,42,43,44,45,46",
                        "startColumns": "4,4,4,4,4,4,4",
                        "startOffsets": "4898,4979,5105,5176,5249,5341,5460",
                        "endColumns": "80,125,70,72,91,118,82",
                        "endOffsets": "4974,5100,5171,5244,5336,5455,5538"
                    }
                },
                {
                    "source": "C:\\Users\\SWAT SEAL\\.gradle\\caches\\transforms-1\\files-1.1\\play-services-base-12.0.1.aar\\89b0f101fe1aa70c87fb7f0eed52e00d\\res\\values-te\\values.xml",
                    "from": {
                        "startLines": "4,5,6,7,8,9,10,11,12,13,14,15,16,17,18,19,20",
                        "startColumns": "0,0,0,0,0,0,0,0,0,0,0,0,0,0,0,0,0",
                        "startOffsets": "245,353,539,667,780,976,1099,1230,1355,1563,1673,1857,1983,2193,2382,2472,2566",
                        "endColumns": "107,185,127,112,195,122,130,124,207,109,183,125,209,188,89,93,106",
                        "endOffsets": "352,538,666,779,975,1098,1229,1354,1562,1672,1856,1982,2192,2381,2471,2565,2672"
                    },
                    "to": {
                        "startLines": "21,22,23,24,25,26,27,28,30,31,32,33,34,35,36,37,38",
                        "startColumns": "4,4,4,4,4,4,4,4,4,4,4,4,4,4,4,4,4",
                        "startOffsets": "2118,2230,2416,2548,2665,2861,2988,3123,3451,3659,3773,3957,4087,4297,4490,4584,4682",
                        "endColumns": "111,185,131,116,195,126,134,128,207,113,183,129,209,192,93,97,110",
                        "endOffsets": "2225,2411,2543,2660,2856,2983,3118,3247,3654,3768,3952,4082,4292,4485,4579,4677,4788"
                    }
                },
                {
                    "source": "C:\\Users\\SWAT SEAL\\.gradle\\caches\\transforms-1\\files-1.1\\play-services-basement-12.0.1.aar\\b951e0e2da5a9ce75a5b739a2eed04a8\\res\\values-te\\values.xml",
                    "from": {
                        "startLines": "4",
                        "startColumns": "0",
                        "startOffsets": "247",
                        "endColumns": "198",
                        "endOffsets": "445"
                    },
                    "to": {
                        "startLines": "29",
                        "startColumns": "4",
                        "startOffsets": "3252",
                        "endColumns": "198",
                        "endOffsets": "3446"
                    }
                },
                {
                    "source": "C:\\Users\\SWAT SEAL\\.gradle\\caches\\transforms-1\\files-1.1\\appcompat-v7-26.1.0.aar\\7377b89c716771af69b51e258d8f6af8\\res\\values-te\\values-te.xml",
                    "from": {
                        "startLines": "2,3,4,5,6,7,8,9,10,11,12,13,14,15,16,17,18,19,20,21,22",
                        "startColumns": "4,4,4,4,4,4,4,4,4,4,4,4,4,4,4,4,4,4,4,4,4",
                        "startOffsets": "55,169,277,400,509,620,710,815,940,1022,1104,1189,1302,1410,1510,1621,1723,1840,1967,2068,2151",
                        "endColumns": "113,107,122,108,110,89,104,124,81,81,84,112,107,99,110,101,116,126,100,82,100",
                        "endOffsets": "164,272,395,504,615,705,810,935,1017,1099,1184,1297,1405,1505,1616,1718,1835,1962,2063,2146,2247"
                    },
                    "to": {
                        "startLines": "2,3,4,5,6,7,8,9,10,11,12,13,14,15,16,17,18,19,20,47,48",
                        "startColumns": "4,4,4,4,4,4,4,4,4,4,4,4,4,4,4,4,4,4,4,4,4",
                        "startOffsets": "105,219,327,450,559,670,760,865,990,1072,1154,1239,1352,1460,1560,1671,1773,1890,2017,5543,5626",
                        "endColumns": "113,107,122,108,110,89,104,124,81,81,84,112,107,99,110,101,116,126,100,82,100",
                        "endOffsets": "214,322,445,554,665,755,860,985,1067,1149,1234,1347,1455,1555,1666,1768,1885,2012,2113,5621,5722"
                    }
                }
            ]
        }
    ]
}