{
    "logs": [
        {
            "outputFile": "C:\\Users\\SWAT SEAL\\AndroidStudioProjects\\AndroidLab1\\app\\build\\intermediates\\incremental\\mergeDebugResources\\merged.dir\\values-my\\values-my.xml",
            "map": [
                {
                    "source": "C:\\Users\\SWAT SEAL\\.gradle\\caches\\transforms-1\\files-1.1\\firebase-messaging-12.0.1.aar\\9a578ef3c246ab54503e58b22a339597\\res\\values-my\\values.xml",
                    "from": {
                        "startLines": "4",
                        "startColumns": "0",
                        "startOffsets": "205",
                        "endColumns": "101",
                        "endOffsets": "306"
                    },
                    "to": {
                        "startLines": "39",
                        "startColumns": "4",
                        "startOffsets": "4995",
                        "endColumns": "105",
                        "endOffsets": "5096"
                    }
                },
                {
                    "source": "C:\\Users\\SWAT SEAL\\.gradle\\caches\\transforms-1\\files-1.1\\play-services-basement-12.0.1.aar\\b951e0e2da5a9ce75a5b739a2eed04a8\\res\\values-my\\values.xml",
                    "from": {
                        "startLines": "4",
                        "startColumns": "0",
                        "startOffsets": "247",
                        "endColumns": "212",
                        "endOffsets": "459"
                    },
                    "to": {
                        "startLines": "29",
                        "startColumns": "4",
                        "startOffsets": "3338",
                        "endColumns": "212",
                        "endOffsets": "3546"
                    }
                },
                {
                    "source": "C:\\Users\\SWAT SEAL\\.gradle\\caches\\transforms-1\\files-1.1\\appcompat-v7-26.1.0.aar\\7377b89c716771af69b51e258d8f6af8\\res\\values-my\\values-my.xml",
                    "from": {
                        "startLines": "2,3,4,5,6,7,8,9,10,11,12,13,14,15,16,17,18,19,20,21,22",
                        "startColumns": "4,4,4,4,4,4,4,4,4,4,4,4,4,4,4,4,4,4,4,4,4",
                        "startOffsets": "55,164,272,397,502,619,712,824,952,1030,1109,1195,1318,1430,1532,1658,1769,1879,2002,2102,2186",
                        "endColumns": "108,107,124,104,116,92,111,127,77,78,85,122,111,101,125,110,109,122,99,83,100",
                        "endOffsets": "159,267,392,497,614,707,819,947,1025,1104,1190,1313,1425,1527,1653,1764,1874,1997,2097,2181,2282"
                    },
                    "to": {
                        "startLines": "2,3,4,5,6,7,8,9,10,11,12,13,14,15,16,17,18,19,20,47,48",
                        "startColumns": "4,4,4,4,4,4,4,4,4,4,4,4,4,4,4,4,4,4,4,4,4",
                        "startOffsets": "105,214,322,447,552,669,762,874,1002,1080,1159,1245,1368,1480,1582,1708,1819,1929,2052,5742,5826",
                        "endColumns": "108,107,124,104,116,92,111,127,77,78,85,122,111,101,125,110,109,122,99,83,100",
                        "endOffsets": "209,317,442,547,664,757,869,997,1075,1154,1240,1363,1475,1577,1703,1814,1924,2047,2147,5821,5922"
                    }
                },
                {
                    "source": "C:\\Users\\SWAT SEAL\\.gradle\\caches\\transforms-1\\files-1.1\\play-services-base-12.0.1.aar\\89b0f101fe1aa70c87fb7f0eed52e00d\\res\\values-my\\values.xml",
                    "from": {
                        "startLines": "4,5,6,7,8,9,10,11,12,13,14,15,16,17,18,19,20",
                        "startColumns": "0,0,0,0,0,0,0,0,0,0,0,0,0,0,0,0,0",
                        "startOffsets": "245,350,546,678,787,993,1123,1272,1407,1642,1746,1947,2088,2305,2518,2614,2713",
                        "endColumns": "104,195,131,108,205,129,148,134,234,103,200,140,216,212,95,98,113",
                        "endOffsets": "349,545,677,786,992,1122,1271,1406,1641,1745,1946,2087,2304,2517,2613,2712,2826"
                    },
                    "to": {
                        "startLines": "21,22,23,24,25,26,27,28,30,31,32,33,34,35,36,37,38",
                        "startColumns": "4,4,4,4,4,4,4,4,4,4,4,4,4,4,4,4,4",
                        "startOffsets": "2152,2261,2457,2593,2706,2912,3046,3199,3551,3786,3894,4095,4240,4457,4674,4774,4877",
                        "endColumns": "108,195,135,112,205,133,152,138,234,107,200,144,216,216,99,102,117",
                        "endOffsets": "2256,2452,2588,2701,2907,3041,3194,3333,3781,3889,4090,4235,4452,4669,4769,4872,4990"
                    }
                },
                {
                    "source": "C:\\Users\\SWAT SEAL\\.gradle\\caches\\transforms-1\\files-1.1\\play-services-ads-12.0.1.aar\\aedd9b74a5b8bc5d64e95c7fac68cce6\\res\\values-my\\values.xml",
                    "from": {
                        "startLines": "4,5,6,7,8,9,10",
                        "startColumns": "0,0,0,0,0,0,0",
                        "startOffsets": "199,275,397,463,532,623,739",
                        "endColumns": "75,121,65,68,90,115,72",
                        "endOffsets": "274,396,462,531,622,738,811"
                    },
                    "to": {
                        "startLines": "40,41,42,43,44,45,46",
                        "startColumns": "4,4,4,4,4,4,4",
                        "startOffsets": "5101,5181,5307,5377,5450,5545,5665",
                        "endColumns": "79,125,69,72,94,119,76",
                        "endOffsets": "5176,5302,5372,5445,5540,5660,5737"
                    }
                }
            ]
        }
    ]
}