{
    "logs": [
        {
            "outputFile": "C:\\Users\\SWAT SEAL\\AndroidStudioProjects\\AndroidLab1\\app\\build\\intermediates\\incremental\\mergeDebugResources\\merged.dir\\values-ms\\values-ms.xml",
            "map": [
                {
                    "source": "C:\\Users\\SWAT SEAL\\.gradle\\caches\\transforms-1\\files-1.1\\play-services-basement-12.0.1.aar\\b951e0e2da5a9ce75a5b739a2eed04a8\\res\\values-ms\\values.xml",
                    "from": {
                        "startLines": "4",
                        "startColumns": "0",
                        "startOffsets": "247",
                        "endColumns": "204",
                        "endOffsets": "451"
                    },
                    "to": {
                        "startLines": "41",
                        "startColumns": "4",
                        "startOffsets": "3657",
                        "endColumns": "204",
                        "endOffsets": "3857"
                    }
                },
                {
                    "source": "C:\\Users\\SWAT SEAL\\.gradle\\caches\\transforms-1\\files-1.1\\play-services-base-12.0.1.aar\\89b0f101fe1aa70c87fb7f0eed52e00d\\res\\values-ms\\values.xml",
                    "from": {
                        "startLines": "4,5,6,7,8,9,10,11,12,13,14,15,16,17,18,19,20",
                        "startColumns": "0,0,0,0,0,0,0,0,0,0,0,0,0,0,0,0,0",
                        "startOffsets": "245,349,554,682,786,1017,1147,1293,1425,1669,1776,1982,2115,2345,2546,2639,2729",
                        "endColumns": "103,204,127,103,230,129,145,131,243,106,205,132,229,200,92,89,107",
                        "endOffsets": "348,553,681,785,1016,1146,1292,1424,1668,1775,1981,2114,2344,2545,2638,2728,2836"
                    },
                    "to": {
                        "startLines": "33,34,35,36,37,38,39,40,42,43,44,45,46,47,48,49,50",
                        "startColumns": "4,4,4,4,4,4,4,4,4,4,4,4,4,4,4,4,4",
                        "startOffsets": "2453,2561,2766,2898,3006,3237,3371,3521,3862,4106,4217,4423,4560,4790,4995,5092,5186",
                        "endColumns": "107,204,131,107,230,133,149,135,243,110,205,136,229,204,96,93,111",
                        "endOffsets": "2556,2761,2893,3001,3232,3366,3516,3652,4101,4212,4418,4555,4785,4990,5087,5181,5293"
                    }
                },
                {
                    "source": "C:\\Users\\SWAT SEAL\\.gradle\\caches\\transforms-1\\files-1.1\\tweet-composer-3.1.1.aar\\8368696e21c9044d56364f96bd5962cb\\res\\values-ms\\values-ms.xml",
                    "from": {
                        "startLines": "2,3,4",
                        "startColumns": "4,4,4",
                        "startOffsets": "55,119,171",
                        "endColumns": "63,51,48",
                        "endOffsets": "114,166,215"
                    },
                    "to": {
                        "startLines": "61,66,69",
                        "startColumns": "4,4,4",
                        "startOffsets": "6159,6465,6602",
                        "endColumns": "63,51,48",
                        "endOffsets": "6218,6512,6646"
                    }
                },
                {
                    "source": "C:\\Users\\SWAT SEAL\\.gradle\\caches\\transforms-1\\files-1.1\\appcompat-v7-26.1.0.aar\\7377b89c716771af69b51e258d8f6af8\\res\\values-ms\\values-ms.xml",
                    "from": {
                        "startLines": "2,3,4,5,6,7,8,9,10,11,12,13,14,15,16,17,18,19,20,21,22",
                        "startColumns": "4,4,4,4,4,4,4,4,4,4,4,4,4,4,4,4,4,4,4,4,4",
                        "startOffsets": "55,166,274,397,502,610,697,801,912,990,1069,1149,1261,1370,1467,1576,1679,1786,1908,2009,2089",
                        "endColumns": "110,107,122,104,107,86,103,110,77,78,79,111,108,96,108,102,106,121,100,79,100",
                        "endOffsets": "161,269,392,497,605,692,796,907,985,1064,1144,1256,1365,1462,1571,1674,1781,1903,2004,2084,2185"
                    },
                    "to": {
                        "startLines": "14,15,16,17,18,19,20,21,22,23,24,25,26,27,28,29,30,31,32,59,60",
                        "startColumns": "4,4,4,4,4,4,4,4,4,4,4,4,4,4,4,4,4,4,4,4,4",
                        "startOffsets": "499,610,718,841,946,1054,1141,1245,1356,1434,1513,1593,1705,1814,1911,2020,2123,2230,2352,5978,6058",
                        "endColumns": "110,107,122,104,107,86,103,110,77,78,79,111,108,96,108,102,106,121,100,79,100",
                        "endOffsets": "605,713,836,941,1049,1136,1240,1351,1429,1508,1588,1700,1809,1906,2015,2118,2225,2347,2448,6053,6154"
                    }
                },
                {
                    "source": "C:\\Users\\SWAT SEAL\\.gradle\\caches\\transforms-1\\files-1.1\\tweet-ui-3.1.1.aar\\2c7c84cf51aa836c10091385d20372e6\\res\\values-ms\\values-ms.xml",
                    "from": {
                        "startLines": "2,6,10,14,15,16,17,18,19,20,21,22,23,24,25,26,27",
                        "startColumns": "4,4,4,4,4,4,4,4,4,4,4,4,4,4,4,4,4",
                        "startOffsets": "55,187,318,449,503,558,620,663,705,769,834,884,961,1073,1155,1212,1288",
                        "endLines": "5,9,13,14,15,16,17,18,19,20,21,22,23,24,25,26,27",
                        "endColumns": "14,14,14,53,54,61,42,41,63,64,49,76,111,81,56,75,55",
                        "endOffsets": "182,313,444,498,553,615,658,700,764,829,879,956,1068,1150,1207,1283,1339"
                    },
                    "to": {
                        "startLines": "2,6,10,62,63,64,67,68,70,71,72,73,74,75,76,77,78",
                        "startColumns": "4,4,4,4,4,4,4,4,4,4,4,4,4,4,4,4,4",
                        "startOffsets": "105,237,368,6223,6277,6332,6517,6560,6651,6715,6780,6830,6907,7019,7101,7158,7234",
                        "endLines": "5,9,13,62,63,64,67,68,70,71,72,73,74,75,76,77,78",
                        "endColumns": "14,14,14,53,54,61,42,41,63,64,49,76,111,81,56,75,55",
                        "endOffsets": "232,363,494,6272,6327,6389,6555,6597,6710,6775,6825,6902,7014,7096,7153,7229,7285"
                    }
                },
                {
                    "source": "C:\\Users\\SWAT SEAL\\.gradle\\caches\\transforms-1\\files-1.1\\play-services-ads-12.0.1.aar\\aedd9b74a5b8bc5d64e95c7fac68cce6\\res\\values-ms\\values.xml",
                    "from": {
                        "startLines": "4,5,6,7,8,9,10",
                        "startColumns": "0,0,0,0,0,0,0",
                        "startOffsets": "199,267,375,439,502,579,675",
                        "endColumns": "67,107,63,62,76,95,68",
                        "endOffsets": "266,374,438,501,578,674,743"
                    },
                    "to": {
                        "startLines": "52,53,54,55,56,57,58",
                        "startColumns": "4,4,4,4,4,4,4",
                        "startOffsets": "5405,5477,5589,5657,5724,5805,5905",
                        "endColumns": "71,111,67,66,80,99,72",
                        "endOffsets": "5472,5584,5652,5719,5800,5900,5973"
                    }
                },
                {
                    "source": "C:\\Users\\SWAT SEAL\\.gradle\\caches\\transforms-1\\files-1.1\\twitter-core-3.1.1.aar\\3a6850a2453e06ad4d7296440af323e8\\res\\values-ms\\values-ms.xml",
                    "from": {
                        "startLines": "2",
                        "startColumns": "4",
                        "startOffsets": "55",
                        "endColumns": "70",
                        "endOffsets": "121"
                    },
                    "to": {
                        "startLines": "65",
                        "startColumns": "4",
                        "startOffsets": "6394",
                        "endColumns": "70",
                        "endOffsets": "6460"
                    }
                },
                {
                    "source": "C:\\Users\\SWAT SEAL\\.gradle\\caches\\transforms-1\\files-1.1\\firebase-messaging-12.0.1.aar\\9a578ef3c246ab54503e58b22a339597\\res\\values-ms\\values.xml",
                    "from": {
                        "startLines": "4",
                        "startColumns": "0",
                        "startOffsets": "205",
                        "endColumns": "102",
                        "endOffsets": "307"
                    },
                    "to": {
                        "startLines": "51",
                        "startColumns": "4",
                        "startOffsets": "5298",
                        "endColumns": "106",
                        "endOffsets": "5400"
                    }
                }
            ]
        }
    ]
}