{
    "logs": [
        {
            "outputFile": "C:\\Users\\SWAT SEAL\\AndroidStudioProjects\\AndroidLab1\\app\\build\\intermediates\\incremental\\mergeDebugResources\\merged.dir\\values-sw\\values-sw.xml",
            "map": [
                {
                    "source": "C:\\Users\\SWAT SEAL\\.gradle\\caches\\transforms-1\\files-1.1\\play-services-base-12.0.1.aar\\89b0f101fe1aa70c87fb7f0eed52e00d\\res\\values-sw\\values.xml",
                    "from": {
                        "startLines": "4,5,6,7,8,9,10,11,12,13,14,15,16,17,18,19,20",
                        "startColumns": "0,0,0,0,0,0,0,0,0,0,0,0,0,0,0,0,0",
                        "startOffsets": "245,347,535,658,765,987,1110,1255,1394,1618,1722,1907,2032,2241,2426,2520,2621",
                        "endColumns": "101,187,122,106,221,122,144,138,223,103,184,124,208,184,93,100,120",
                        "endOffsets": "346,534,657,764,986,1109,1254,1393,1617,1721,1906,2031,2240,2425,2519,2620,2741"
                    },
                    "to": {
                        "startLines": "21,22,23,24,25,26,27,28,30,31,32,33,34,35,36,37,38",
                        "startColumns": "4,4,4,4,4,4,4,4,4,4,4,4,4,4,4,4,4",
                        "startOffsets": "2050,2156,2344,2471,2582,2804,2931,3080,3428,3652,3760,3945,4074,4283,4472,4570,4675",
                        "endColumns": "105,187,126,110,221,126,148,142,223,107,184,128,208,188,97,104,124",
                        "endOffsets": "2151,2339,2466,2577,2799,2926,3075,3218,3647,3755,3940,4069,4278,4467,4565,4670,4795"
                    }
                },
                {
                    "source": "C:\\Users\\SWAT SEAL\\.gradle\\caches\\transforms-1\\files-1.1\\play-services-ads-12.0.1.aar\\aedd9b74a5b8bc5d64e95c7fac68cce6\\res\\values-sw\\values.xml",
                    "from": {
                        "startLines": "4,5,6,7,8,9,10",
                        "startColumns": "0,0,0,0,0,0,0",
                        "startOffsets": "199,269,395,459,522,601,710",
                        "endColumns": "69,125,63,62,78,108,75",
                        "endOffsets": "268,394,458,521,600,709,785"
                    },
                    "to": {
                        "startLines": "40,41,42,43,44,45,46",
                        "startColumns": "4,4,4,4,4,4,4",
                        "startOffsets": "4908,4982,5112,5180,5247,5330,5443",
                        "endColumns": "73,129,67,66,82,112,79",
                        "endOffsets": "4977,5107,5175,5242,5325,5438,5518"
                    }
                },
                {
                    "source": "C:\\Users\\SWAT SEAL\\.gradle\\caches\\transforms-1\\files-1.1\\appcompat-v7-26.1.0.aar\\7377b89c716771af69b51e258d8f6af8\\res\\values-sw\\values-sw.xml",
                    "from": {
                        "startLines": "2,3,4,5,6,7,8,9,10,11,12,13,14,15,16,17,18,19,20,21,22",
                        "startColumns": "4,4,4,4,4,4,4,4,4,4,4,4,4,4,4,4,4,4,4,4,4",
                        "startOffsets": "55,158,266,389,487,595,685,790,907,989,1072,1154,1255,1364,1463,1570,1679,1784,1903,2000,2082",
                        "endColumns": "102,107,122,97,107,89,104,116,81,82,81,100,108,98,106,108,104,118,96,81,100",
                        "endOffsets": "153,261,384,482,590,680,785,902,984,1067,1149,1250,1359,1458,1565,1674,1779,1898,1995,2077,2178"
                    },
                    "to": {
                        "startLines": "2,3,4,5,6,7,8,9,10,11,12,13,14,15,16,17,18,19,20,47,48",
                        "startColumns": "4,4,4,4,4,4,4,4,4,4,4,4,4,4,4,4,4,4,4,4,4",
                        "startOffsets": "105,208,316,439,537,645,735,840,957,1039,1122,1204,1305,1414,1513,1620,1729,1834,1953,5523,5605",
                        "endColumns": "102,107,122,97,107,89,104,116,81,82,81,100,108,98,106,108,104,118,96,81,100",
                        "endOffsets": "203,311,434,532,640,730,835,952,1034,1117,1199,1300,1409,1508,1615,1724,1829,1948,2045,5600,5701"
                    }
                },
                {
                    "source": "C:\\Users\\SWAT SEAL\\.gradle\\caches\\transforms-1\\files-1.1\\firebase-messaging-12.0.1.aar\\9a578ef3c246ab54503e58b22a339597\\res\\values-sw\\values.xml",
                    "from": {
                        "startLines": "4",
                        "startColumns": "0",
                        "startOffsets": "205",
                        "endColumns": "103",
                        "endOffsets": "308"
                    },
                    "to": {
                        "startLines": "39",
                        "startColumns": "4",
                        "startOffsets": "4800",
                        "endColumns": "107",
                        "endOffsets": "4903"
                    }
                },
                {
                    "source": "C:\\Users\\SWAT SEAL\\.gradle\\caches\\transforms-1\\files-1.1\\play-services-basement-12.0.1.aar\\b951e0e2da5a9ce75a5b739a2eed04a8\\res\\values-sw\\values.xml",
                    "from": {
                        "startLines": "4",
                        "startColumns": "0",
                        "startOffsets": "247",
                        "endColumns": "204",
                        "endOffsets": "451"
                    },
                    "to": {
                        "startLines": "29",
                        "startColumns": "4",
                        "startOffsets": "3223",
                        "endColumns": "204",
                        "endOffsets": "3423"
                    }
                }
            ]
        }
    ]
}