{
    "logs": [
        {
            "outputFile": "C:\\Users\\SWAT SEAL\\AndroidStudioProjects\\AndroidLab1\\app\\build\\intermediates\\incremental\\mergeDebugResources\\merged.dir\\values-zh-rCN\\values-zh-rCN.xml",
            "map": [
                {
                    "source": "C:\\Users\\SWAT SEAL\\.gradle\\caches\\transforms-1\\files-1.1\\play-services-ads-12.0.1.aar\\aedd9b74a5b8bc5d64e95c7fac68cce6\\res\\values-zh-rCN\\values.xml",
                    "from": {
                        "startLines": "4,5,6,7,8,9,10",
                        "startColumns": "0,0,0,0,0,0,0",
                        "startOffsets": "203,264,337,397,457,521,591",
                        "endColumns": "60,72,59,59,63,69,61",
                        "endOffsets": "263,336,396,456,520,590,652"
                    },
                    "to": {
                        "startLines": "52,53,54,55,56,57,58",
                        "startColumns": "4,4,4,4,4,4,4",
                        "startOffsets": "4722,4787,4864,4928,4992,5060,5134",
                        "endColumns": "64,76,63,63,67,73,65",
                        "endOffsets": "4782,4859,4923,4987,5055,5129,5195"
                    }
                },
                {
                    "source": "C:\\Users\\SWAT SEAL\\.gradle\\caches\\transforms-1\\files-1.1\\twitter-core-3.1.1.aar\\3a6850a2453e06ad4d7296440af323e8\\res\\values-zh-rCN\\values-zh-rCN.xml",
                    "from": {
                        "startLines": "2",
                        "startColumns": "4",
                        "startOffsets": "55",
                        "endColumns": "56",
                        "endOffsets": "107"
                    },
                    "to": {
                        "startLines": "65",
                        "startColumns": "4",
                        "startOffsets": "5583",
                        "endColumns": "56",
                        "endOffsets": "5635"
                    }
                },
                {
                    "source": "C:\\Users\\SWAT SEAL\\.gradle\\caches\\transforms-1\\files-1.1\\play-services-base-12.0.1.aar\\89b0f101fe1aa70c87fb7f0eed52e00d\\res\\values-zh-rCN\\values.xml",
                    "from": {
                        "startLines": "4,5,6,7,8,9,10,11,12,13,14,15,16,17,18,19,20",
                        "startColumns": "0,0,0,0,0,0,0,0,0,0,0,0,0,0,0,0,0",
                        "startOffsets": "249,348,509,622,722,886,1000,1128,1245,1412,1511,1672,1785,1948,2082,2164,2247",
                        "endColumns": "98,160,112,99,163,113,127,116,166,98,160,112,162,133,81,82,98",
                        "endOffsets": "347,508,621,721,885,999,1127,1244,1411,1510,1671,1784,1947,2081,2163,2246,2345"
                    },
                    "to": {
                        "startLines": "33,34,35,36,37,38,39,40,42,43,44,45,46,47,48,49,50",
                        "startColumns": "4,4,4,4,4,4,4,4,4,4,4,4,4,4,4,4,4",
                        "startOffsets": "2318,2421,2582,2699,2803,2967,3085,3217,3496,3663,3766,3927,4044,4207,4345,4431,4518",
                        "endColumns": "102,160,116,103,163,117,131,120,166,102,160,116,162,137,85,86,102",
                        "endOffsets": "2416,2577,2694,2798,2962,3080,3212,3333,3658,3761,3922,4039,4202,4340,4426,4513,4616"
                    }
                },
                {
                    "source": "C:\\Users\\SWAT SEAL\\.gradle\\caches\\transforms-1\\files-1.1\\appcompat-v7-26.1.0.aar\\7377b89c716771af69b51e258d8f6af8\\res\\values-zh-rCN\\values-zh-rCN.xml",
                    "from": {
                        "startLines": "2,3,4,5,6,7,8,9,10,11,12,13,14,15,16,17,18,19,20,21,22",
                        "startColumns": "4,4,4,4,4,4,4,4,4,4,4,4,4,4,4,4,4,4,4,4,4",
                        "startOffsets": "55,151,258,381,476,576,658,755,861,937,1013,1091,1187,1283,1378,1475,1570,1668,1780,1874,1952",
                        "endColumns": "95,106,122,94,99,81,96,105,75,75,77,95,95,94,96,94,97,111,93,77,100",
                        "endOffsets": "146,253,376,471,571,653,750,856,932,1008,1086,1182,1278,1373,1470,1565,1663,1775,1869,1947,2048"
                    },
                    "to": {
                        "startLines": "14,15,16,17,18,19,20,21,22,23,24,25,26,27,28,29,30,31,32,59,60",
                        "startColumns": "4,4,4,4,4,4,4,4,4,4,4,4,4,4,4,4,4,4,4,4,4",
                        "startOffsets": "499,595,702,825,920,1020,1102,1199,1305,1381,1457,1535,1631,1727,1822,1919,2014,2112,2224,5200,5278",
                        "endColumns": "95,106,122,94,99,81,96,105,75,75,77,95,95,94,96,94,97,111,93,77,100",
                        "endOffsets": "590,697,820,915,1015,1097,1194,1300,1376,1452,1530,1626,1722,1817,1914,2009,2107,2219,2313,5273,5374"
                    }
                },
                {
                    "source": "C:\\Users\\SWAT SEAL\\.gradle\\caches\\transforms-1\\files-1.1\\play-services-basement-12.0.1.aar\\b951e0e2da5a9ce75a5b739a2eed04a8\\res\\values-zh-rCN\\values.xml",
                    "from": {
                        "startLines": "4",
                        "startColumns": "0",
                        "startOffsets": "251",
                        "endColumns": "157",
                        "endOffsets": "408"
                    },
                    "to": {
                        "startLines": "41",
                        "startColumns": "4",
                        "startOffsets": "3338",
                        "endColumns": "157",
                        "endOffsets": "3491"
                    }
                },
                {
                    "source": "C:\\Users\\SWAT SEAL\\.gradle\\caches\\transforms-1\\files-1.1\\firebase-messaging-12.0.1.aar\\9a578ef3c246ab54503e58b22a339597\\res\\values-zh-rCN\\values.xml",
                    "from": {
                        "startLines": "4",
                        "startColumns": "0",
                        "startOffsets": "209",
                        "endColumns": "96",
                        "endOffsets": "305"
                    },
                    "to": {
                        "startLines": "51",
                        "startColumns": "4",
                        "startOffsets": "4621",
                        "endColumns": "100",
                        "endOffsets": "4717"
                    }
                },
                {
                    "source": "C:\\Users\\SWAT SEAL\\.gradle\\caches\\transforms-1\\files-1.1\\tweet-ui-3.1.1.aar\\2c7c84cf51aa836c10091385d20372e6\\res\\values-zh-rCN\\values-zh-rCN.xml",
                    "from": {
                        "startLines": "2,6,10,14,15,16,17,18,19,20,21,22,23,24,25,26,27",
                        "startColumns": "4,4,4,4,4,4,4,4,4,4,4,4,4,4,4,4,4",
                        "startOffsets": "55,187,318,449,497,546,597,638,678,742,806,848,910,1014,1088,1137,1213",
                        "endLines": "5,9,13,14,15,16,17,18,19,20,21,22,23,24,25,26,27",
                        "endColumns": "14,14,14,47,48,50,40,39,63,63,41,61,103,73,48,75,48",
                        "endOffsets": "182,313,444,492,541,592,633,673,737,801,843,905,1009,1083,1132,1208,1257"
                    },
                    "to": {
                        "startLines": "2,6,10,62,63,64,67,68,70,71,72,73,74,75,76,77,78",
                        "startColumns": "4,4,4,4,4,4,4,4,4,4,4,4,4,4,4,4,4",
                        "startOffsets": "105,237,368,5435,5483,5532,5692,5733,5819,5883,5947,5989,6051,6155,6229,6278,6354",
                        "endLines": "5,9,13,62,63,64,67,68,70,71,72,73,74,75,76,77,78",
                        "endColumns": "14,14,14,47,48,50,40,39,63,63,41,61,103,73,48,75,48",
                        "endOffsets": "232,363,494,5478,5527,5578,5728,5768,5878,5942,5984,6046,6150,6224,6273,6349,6398"
                    }
                },
                {
                    "source": "C:\\Users\\SWAT SEAL\\.gradle\\caches\\transforms-1\\files-1.1\\tweet-composer-3.1.1.aar\\8368696e21c9044d56364f96bd5962cb\\res\\values-zh-rCN\\values-zh-rCN.xml",
                    "from": {
                        "startLines": "2,3,4",
                        "startColumns": "4,4,4",
                        "startOffsets": "55,111,163",
                        "endColumns": "55,51,45",
                        "endOffsets": "106,158,204"
                    },
                    "to": {
                        "startLines": "61,66,69",
                        "startColumns": "4,4,4",
                        "startOffsets": "5379,5640,5773",
                        "endColumns": "55,51,45",
                        "endOffsets": "5430,5687,5814"
                    }
                }
            ]
        }
    ]
}