{
    "logs": [
        {
            "outputFile": "C:\\Users\\SWAT SEAL\\AndroidStudioProjects\\AndroidLab1\\app\\build\\intermediates\\incremental\\mergeDebugResources\\merged.dir\\values-ca\\values-ca.xml",
            "map": [
                {
                    "source": "C:\\Users\\SWAT SEAL\\.gradle\\caches\\transforms-1\\files-1.1\\firebase-messaging-12.0.1.aar\\9a578ef3c246ab54503e58b22a339597\\res\\values-ca\\values.xml",
                    "from": {
                        "startLines": "4",
                        "startColumns": "0",
                        "startOffsets": "205",
                        "endColumns": "100",
                        "endOffsets": "305"
                    },
                    "to": {
                        "startLines": "51",
                        "startColumns": "4",
                        "startOffsets": "5231",
                        "endColumns": "104",
                        "endOffsets": "5331"
                    }
                },
                {
                    "source": "C:\\Users\\SWAT SEAL\\.gradle\\caches\\transforms-1\\files-1.1\\twitter-core-3.1.1.aar\\3a6850a2453e06ad4d7296440af323e8\\res\\values-ca\\values-ca.xml",
                    "from": {
                        "startLines": "2",
                        "startColumns": "4",
                        "startOffsets": "55",
                        "endColumns": "71",
                        "endOffsets": "122"
                    },
                    "to": {
                        "startLines": "65",
                        "startColumns": "4",
                        "startOffsets": "6416",
                        "endColumns": "71",
                        "endOffsets": "6483"
                    }
                },
                {
                    "source": "C:\\Users\\SWAT SEAL\\.gradle\\caches\\transforms-1\\files-1.1\\play-services-basement-12.0.1.aar\\b951e0e2da5a9ce75a5b739a2eed04a8\\res\\values-ca\\values.xml",
                    "from": {
                        "startLines": "4",
                        "startColumns": "0",
                        "startOffsets": "247",
                        "endColumns": "193",
                        "endOffsets": "440"
                    },
                    "to": {
                        "startLines": "41",
                        "startColumns": "4",
                        "startOffsets": "3653",
                        "endColumns": "193",
                        "endOffsets": "3842"
                    }
                },
                {
                    "source": "C:\\Users\\SWAT SEAL\\.gradle\\caches\\transforms-1\\files-1.1\\tweet-composer-3.1.1.aar\\8368696e21c9044d56364f96bd5962cb\\res\\values-ca\\values-ca.xml",
                    "from": {
                        "startLines": "2,3,4",
                        "startColumns": "4,4,4",
                        "startOffsets": "55,119,171",
                        "endColumns": "63,51,48",
                        "endOffsets": "114,166,215"
                    },
                    "to": {
                        "startLines": "61,66,69",
                        "startColumns": "4,4,4",
                        "startOffsets": "6154,6488,6645",
                        "endColumns": "63,51,48",
                        "endOffsets": "6213,6535,6689"
                    }
                },
                {
                    "source": "C:\\Users\\SWAT SEAL\\.gradle\\caches\\transforms-1\\files-1.1\\appcompat-v7-26.1.0.aar\\7377b89c716771af69b51e258d8f6af8\\res\\values-ca\\values-ca.xml",
                    "from": {
                        "startLines": "2,3,4,5,6,7,8,9,10,11,12,13,14,15,16,17,18,19,20,21,22",
                        "startColumns": "4,4,4,4,4,4,4,4,4,4,4,4,4,4,4,4,4,4,4,4,4",
                        "startOffsets": "55,173,281,404,510,617,700,808,934,1018,1099,1182,1293,1402,1500,1610,1714,1822,1945,2044,2125",
                        "endColumns": "117,107,122,105,106,82,107,125,83,80,82,110,108,97,109,103,107,122,98,80,100",
                        "endOffsets": "168,276,399,505,612,695,803,929,1013,1094,1177,1288,1397,1495,1605,1709,1817,1940,2039,2120,2221"
                    },
                    "to": {
                        "startLines": "14,15,16,17,18,19,20,21,22,23,24,25,26,27,28,29,30,31,32,59,60",
                        "startColumns": "4,4,4,4,4,4,4,4,4,4,4,4,4,4,4,4,4,4,4,4,4",
                        "startOffsets": "505,623,731,854,960,1067,1150,1258,1384,1468,1549,1632,1743,1852,1950,2060,2164,2272,2395,5972,6053",
                        "endColumns": "117,107,122,105,106,82,107,125,83,80,82,110,108,97,109,103,107,122,98,80,100",
                        "endOffsets": "618,726,849,955,1062,1145,1253,1379,1463,1544,1627,1738,1847,1945,2055,2159,2267,2390,2489,6048,6149"
                    }
                },
                {
                    "source": "C:\\Users\\SWAT SEAL\\.gradle\\caches\\transforms-1\\files-1.1\\tweet-ui-3.1.1.aar\\2c7c84cf51aa836c10091385d20372e6\\res\\values-ca\\values-ca.xml",
                    "from": {
                        "startLines": "2,6,10,14,15,16,17,18,19,20,21,22,23,24,25",
                        "startColumns": "4,4,4,4,4,4,4,4,4,4,4,4,4,4,4",
                        "startOffsets": "55,189,322,455,516,581,653,710,758,815,885,1013,1088,1151,1227",
                        "endLines": "5,9,13,14,15,16,17,18,19,20,21,22,23,24,25",
                        "endColumns": "14,14,14,60,64,71,56,47,56,69,127,74,62,75,73",
                        "endOffsets": "184,317,450,511,576,648,705,753,810,880,1008,1083,1146,1222,1296"
                    },
                    "to": {
                        "startLines": "2,6,10,62,63,64,67,68,70,71,72,73,74,75,76",
                        "startColumns": "4,4,4,4,4,4,4,4,4,4,4,4,4,4,4",
                        "startOffsets": "105,239,372,6218,6279,6344,6540,6597,6694,6751,6821,6949,7024,7087,7163",
                        "endLines": "5,9,13,62,63,64,67,68,70,71,72,73,74,75,76",
                        "endColumns": "14,14,14,60,64,71,56,47,56,69,127,74,62,75,73",
                        "endOffsets": "234,367,500,6274,6339,6411,6592,6640,6746,6816,6944,7019,7082,7158,7232"
                    }
                },
                {
                    "source": "C:\\Users\\SWAT SEAL\\.gradle\\caches\\transforms-1\\files-1.1\\play-services-base-12.0.1.aar\\89b0f101fe1aa70c87fb7f0eed52e00d\\res\\values-ca\\values.xml",
                    "from": {
                        "startLines": "4,5,6,7,8,9,10,11,12,13,14,15,16,17,18,19,20",
                        "startColumns": "0,0,0,0,0,0,0,0,0,0,0,0,0,0,0,0,0",
                        "startOffsets": "245,348,532,657,764,973,1098,1247,1380,1610,1717,1907,2036,2259,2443,2534,2628",
                        "endColumns": "102,183,124,106,208,124,148,132,229,106,189,128,222,183,90,93,111",
                        "endOffsets": "347,531,656,763,972,1097,1246,1379,1609,1716,1906,2035,2258,2442,2533,2627,2739"
                    },
                    "to": {
                        "startLines": "33,34,35,36,37,38,39,40,42,43,44,45,46,47,48,49,50",
                        "startColumns": "4,4,4,4,4,4,4,4,4,4,4,4,4,4,4,4,4",
                        "startOffsets": "2494,2601,2785,2914,3025,3234,3363,3516,3847,4077,4188,4378,4511,4734,4922,5017,5115",
                        "endColumns": "106,183,128,110,208,128,152,136,229,110,189,132,222,187,94,97,115",
                        "endOffsets": "2596,2780,2909,3020,3229,3358,3511,3648,4072,4183,4373,4506,4729,4917,5012,5110,5226"
                    }
                },
                {
                    "source": "C:\\Users\\SWAT SEAL\\.gradle\\caches\\transforms-1\\files-1.1\\play-services-ads-12.0.1.aar\\aedd9b74a5b8bc5d64e95c7fac68cce6\\res\\values-ca\\values.xml",
                    "from": {
                        "startLines": "4,5,6,7,8,9,10",
                        "startColumns": "0,0,0,0,0,0,0",
                        "startOffsets": "199,270,393,458,523,614,734",
                        "endColumns": "70,122,64,64,90,119,72",
                        "endOffsets": "269,392,457,522,613,733,806"
                    },
                    "to": {
                        "startLines": "52,53,54,55,56,57,58",
                        "startColumns": "4,4,4,4,4,4,4",
                        "startOffsets": "5336,5411,5538,5607,5676,5771,5895",
                        "endColumns": "74,126,68,68,94,123,76",
                        "endOffsets": "5406,5533,5602,5671,5766,5890,5967"
                    }
                }
            ]
        }
    ]
}