{
    "logs": [
        {
            "outputFile": "C:\\Users\\SWAT SEAL\\AndroidStudioProjects\\AndroidLab1\\app\\build\\intermediates\\incremental\\mergeDebugResources\\merged.dir\\values-vi\\values-vi.xml",
            "map": [
                {
                    "source": "C:\\Users\\SWAT SEAL\\.gradle\\caches\\transforms-1\\files-1.1\\play-services-basement-12.0.1.aar\\b951e0e2da5a9ce75a5b739a2eed04a8\\res\\values-vi\\values.xml",
                    "from": {
                        "startLines": "4",
                        "startColumns": "0",
                        "startOffsets": "247",
                        "endColumns": "194",
                        "endOffsets": "441"
                    },
                    "to": {
                        "startLines": "41",
                        "startColumns": "4",
                        "startOffsets": "3658",
                        "endColumns": "194",
                        "endOffsets": "3848"
                    }
                },
                {
                    "source": "C:\\Users\\SWAT SEAL\\.gradle\\caches\\transforms-1\\files-1.1\\play-services-base-12.0.1.aar\\89b0f101fe1aa70c87fb7f0eed52e00d\\res\\values-vi\\values.xml",
                    "from": {
                        "startLines": "4,5,6,7,8,9,10,11,12,13,14,15,16,17,18,19,20",
                        "startColumns": "0,0,0,0,0,0,0,0,0,0,0,0,0,0,0,0,0",
                        "startOffsets": "245,345,539,662,767,991,1119,1272,1401,1641,1746,1938,2066,2284,2459,2553,2643",
                        "endColumns": "99,193,122,104,223,127,152,128,239,104,191,127,217,174,93,89,105",
                        "endOffsets": "344,538,661,766,990,1118,1271,1400,1640,1745,1937,2065,2283,2458,2552,2642,2748"
                    },
                    "to": {
                        "startLines": "33,34,35,36,37,38,39,40,42,43,44,45,46,47,48,49,50",
                        "startColumns": "4,4,4,4,4,4,4,4,4,4,4,4,4,4,4,4,4",
                        "startOffsets": "2478,2582,2776,2903,3012,3236,3368,3525,3853,4093,4202,4394,4526,4744,4923,5021,5115",
                        "endColumns": "103,193,126,108,223,131,156,132,239,108,191,131,217,178,97,93,109",
                        "endOffsets": "2577,2771,2898,3007,3231,3363,3520,3653,4088,4197,4389,4521,4739,4918,5016,5110,5220"
                    }
                },
                {
                    "source": "C:\\Users\\SWAT SEAL\\.gradle\\caches\\transforms-1\\files-1.1\\twitter-core-3.1.1.aar\\3a6850a2453e06ad4d7296440af323e8\\res\\values-vi\\values-vi.xml",
                    "from": {
                        "startLines": "2",
                        "startColumns": "4",
                        "startOffsets": "55",
                        "endColumns": "68",
                        "endOffsets": "119"
                    },
                    "to": {
                        "startLines": "65",
                        "startColumns": "4",
                        "startOffsets": "6343",
                        "endColumns": "68",
                        "endOffsets": "6407"
                    }
                },
                {
                    "source": "C:\\Users\\SWAT SEAL\\.gradle\\caches\\transforms-1\\files-1.1\\appcompat-v7-26.1.0.aar\\7377b89c716771af69b51e258d8f6af8\\res\\values-vi\\values-vi.xml",
                    "from": {
                        "startLines": "2,3,4,5,6,7,8,9,10,11,12,13,14,15,16,17,18,19,20,21,22",
                        "startColumns": "4,4,4,4,4,4,4,4,4,4,4,4,4,4,4,4,4,4,4,4,4",
                        "startOffsets": "55,169,277,400,508,617,701,804,923,1000,1077,1161,1265,1374,1475,1580,1694,1799,1919,2018,2102",
                        "endColumns": "113,107,122,107,108,83,102,118,76,76,83,103,108,100,104,113,104,119,98,83,100",
                        "endOffsets": "164,272,395,503,612,696,799,918,995,1072,1156,1260,1369,1470,1575,1689,1794,1914,2013,2097,2198"
                    },
                    "to": {
                        "startLines": "14,15,16,17,18,19,20,21,22,23,24,25,26,27,28,29,30,31,32,59,60",
                        "startColumns": "4,4,4,4,4,4,4,4,4,4,4,4,4,4,4,4,4,4,4,4,4",
                        "startOffsets": "515,629,737,860,968,1077,1161,1264,1383,1460,1537,1621,1725,1834,1935,2040,2154,2259,2379,5916,6000",
                        "endColumns": "113,107,122,107,108,83,102,118,76,76,83,103,108,100,104,113,104,119,98,83,100",
                        "endOffsets": "624,732,855,963,1072,1156,1259,1378,1455,1532,1616,1720,1829,1930,2035,2149,2254,2374,2473,5995,6096"
                    }
                },
                {
                    "source": "C:\\Users\\SWAT SEAL\\.gradle\\caches\\transforms-1\\files-1.1\\tweet-composer-3.1.1.aar\\8368696e21c9044d56364f96bd5962cb\\res\\values-vi\\values-vi.xml",
                    "from": {
                        "startLines": "2,3,4",
                        "startColumns": "4,4,4",
                        "startOffsets": "55,122,174",
                        "endColumns": "66,51,48",
                        "endOffsets": "117,169,218"
                    },
                    "to": {
                        "startLines": "61,66,69",
                        "startColumns": "4,4,4",
                        "startOffsets": "6101,6412,6553",
                        "endColumns": "66,51,48",
                        "endOffsets": "6163,6459,6597"
                    }
                },
                {
                    "source": "C:\\Users\\SWAT SEAL\\.gradle\\caches\\transforms-1\\files-1.1\\play-services-ads-12.0.1.aar\\aedd9b74a5b8bc5d64e95c7fac68cce6\\res\\values-vi\\values.xml",
                    "from": {
                        "startLines": "4,5,6,7,8,9,10",
                        "startColumns": "0,0,0,0,0,0,0",
                        "startOffsets": "199,268,381,448,513,587,681",
                        "endColumns": "68,112,66,64,73,93,77",
                        "endOffsets": "267,380,447,512,586,680,758"
                    },
                    "to": {
                        "startLines": "52,53,54,55,56,57,58",
                        "startColumns": "4,4,4,4,4,4,4",
                        "startOffsets": "5328,5401,5518,5589,5658,5736,5834",
                        "endColumns": "72,116,70,68,77,97,81",
                        "endOffsets": "5396,5513,5584,5653,5731,5829,5911"
                    }
                },
                {
                    "source": "C:\\Users\\SWAT SEAL\\.gradle\\caches\\transforms-1\\files-1.1\\tweet-ui-3.1.1.aar\\2c7c84cf51aa836c10091385d20372e6\\res\\values-vi\\values-vi.xml",
                    "from": {
                        "startLines": "2,6,10,14,15,16,17,18,19,20,21,22,23,24,25",
                        "startColumns": "4,4,4,4,4,4,4,4,4,4,4,4,4,4,4",
                        "startOffsets": "55,191,328,465,520,579,640,687,729,777,851,967,1043,1101,1177",
                        "endLines": "5,9,13,14,15,16,17,18,19,20,21,22,23,24,25",
                        "endColumns": "14,14,14,54,58,60,46,41,47,73,115,75,57,75,61",
                        "endOffsets": "186,323,460,515,574,635,682,724,772,846,962,1038,1096,1172,1234"
                    },
                    "to": {
                        "startLines": "2,6,10,62,63,64,67,68,70,71,72,73,74,75,76",
                        "startColumns": "4,4,4,4,4,4,4,4,4,4,4,4,4,4,4",
                        "startOffsets": "105,241,378,6168,6223,6282,6464,6511,6602,6650,6724,6840,6916,6974,7050",
                        "endLines": "5,9,13,62,63,64,67,68,70,71,72,73,74,75,76",
                        "endColumns": "14,14,14,54,58,60,46,41,47,73,115,75,57,75,61",
                        "endOffsets": "236,373,510,6218,6277,6338,6506,6548,6645,6719,6835,6911,6969,7045,7107"
                    }
                },
                {
                    "source": "C:\\Users\\SWAT SEAL\\.gradle\\caches\\transforms-1\\files-1.1\\firebase-messaging-12.0.1.aar\\9a578ef3c246ab54503e58b22a339597\\res\\values-vi\\values.xml",
                    "from": {
                        "startLines": "4",
                        "startColumns": "0",
                        "startOffsets": "205",
                        "endColumns": "98",
                        "endOffsets": "303"
                    },
                    "to": {
                        "startLines": "51",
                        "startColumns": "4",
                        "startOffsets": "5225",
                        "endColumns": "102",
                        "endOffsets": "5323"
                    }
                }
            ]
        }
    ]
}