{
    "logs": [
        {
            "outputFile": "C:\\Users\\SWAT SEAL\\AndroidStudioProjects\\AndroidLab1\\app\\build\\intermediates\\incremental\\mergeDebugResources\\merged.dir\\values-tl\\values-tl.xml",
            "map": [
                {
                    "source": "C:\\Users\\SWAT SEAL\\.gradle\\caches\\transforms-1\\files-1.1\\play-services-ads-12.0.1.aar\\aedd9b74a5b8bc5d64e95c7fac68cce6\\res\\values-tl\\values.xml",
                    "from": {
                        "startLines": "4,5,6,7,8,9,10",
                        "startColumns": "0,0,0,0,0,0,0",
                        "startOffsets": "199,274,396,463,530,617,728",
                        "endColumns": "74,121,66,66,86,110,71",
                        "endOffsets": "273,395,462,529,616,727,799"
                    },
                    "to": {
                        "startLines": "52,53,54,55,56,57,58",
                        "startColumns": "4,4,4,4,4,4,4",
                        "startOffsets": "5468,5547,5673,5744,5815,5906,6021",
                        "endColumns": "78,125,70,70,90,114,75",
                        "endOffsets": "5542,5668,5739,5810,5901,6016,6092"
                    }
                },
                {
                    "source": "C:\\Users\\SWAT SEAL\\.gradle\\caches\\transforms-1\\files-1.1\\tweet-ui-3.1.1.aar\\2c7c84cf51aa836c10091385d20372e6\\res\\values-tl\\values-tl.xml",
                    "from": {
                        "startLines": "2,6,10,14,15,16,17,18,19,20,21,22,23,24,25,26,27",
                        "startColumns": "4,4,4,4,4,4,4,4,4,4,4,4,4,4,4,4,4",
                        "startOffsets": "55,187,318,449,511,572,638,684,728,792,857,908,979,1094,1176,1238,1314",
                        "endLines": "5,9,13,14,15,16,17,18,19,20,21,22,23,24,25,26,27",
                        "endColumns": "14,14,14,61,60,65,45,43,63,64,50,70,114,81,61,75,58",
                        "endOffsets": "182,313,444,506,567,633,679,723,787,852,903,974,1089,1171,1233,1309,1368"
                    },
                    "to": {
                        "startLines": "2,6,10,62,63,64,67,68,70,71,72,73,74,75,76,77,78",
                        "startColumns": "4,4,4,4,4,4,4,4,4,4,4,4,4,4,4,4,4",
                        "startOffsets": "105,237,368,6346,6408,6469,6662,6708,6805,6869,6934,6985,7056,7171,7253,7315,7391",
                        "endLines": "5,9,13,62,63,64,67,68,70,71,72,73,74,75,76,77,78",
                        "endColumns": "14,14,14,61,60,65,45,43,63,64,50,70,114,81,61,75,58",
                        "endOffsets": "232,363,494,6403,6464,6530,6703,6747,6864,6929,6980,7051,7166,7248,7310,7386,7445"
                    }
                },
                {
                    "source": "C:\\Users\\SWAT SEAL\\.gradle\\caches\\transforms-1\\files-1.1\\play-services-base-12.0.1.aar\\89b0f101fe1aa70c87fb7f0eed52e00d\\res\\values-tl\\values.xml",
                    "from": {
                        "startLines": "4,5,6,7,8,9,10,11,12,13,14,15,16,17,18,19,20",
                        "startColumns": "0,0,0,0,0,0,0,0,0,0,0,0,0,0,0,0,0",
                        "startOffsets": "245,350,558,694,801,1018,1152,1300,1438,1676,1781,1990,2126,2347,2552,2646,2738",
                        "endColumns": "104,207,135,106,216,133,147,137,237,104,208,135,220,204,93,91,105",
                        "endOffsets": "349,557,693,800,1017,1151,1299,1437,1675,1780,1989,2125,2346,2551,2645,2737,2843"
                    },
                    "to": {
                        "startLines": "33,34,35,36,37,38,39,40,42,43,44,45,46,47,48,49,50",
                        "startColumns": "4,4,4,4,4,4,4,4,4,4,4,4,4,4,4,4,4",
                        "startOffsets": "2511,2620,2828,2968,3079,3296,3434,3586,3933,4171,4280,4489,4629,4850,5059,5157,5253",
                        "endColumns": "108,207,139,110,216,137,151,141,237,108,208,139,220,208,97,95,109",
                        "endOffsets": "2615,2823,2963,3074,3291,3429,3581,3723,4166,4275,4484,4624,4845,5054,5152,5248,5358"
                    }
                },
                {
                    "source": "C:\\Users\\SWAT SEAL\\.gradle\\caches\\transforms-1\\files-1.1\\appcompat-v7-26.1.0.aar\\7377b89c716771af69b51e258d8f6af8\\res\\values-tl\\values-tl.xml",
                    "from": {
                        "startLines": "2,3,4,5,6,7,8,9,10,11,12,13,14,15,16,17,18,19,20,21,22",
                        "startColumns": "4,4,4,4,4,4,4,4,4,4,4,4,4,4,4,4,4,4,4,4,4",
                        "startOffsets": "55,174,282,405,513,630,718,824,945,1024,1102,1186,1295,1406,1507,1617,1734,1842,1965,2067,2151",
                        "endColumns": "118,107,122,107,116,87,105,120,78,77,83,108,110,100,109,116,107,122,101,83,100",
                        "endOffsets": "169,277,400,508,625,713,819,940,1019,1097,1181,1290,1401,1502,1612,1729,1837,1960,2062,2146,2247"
                    },
                    "to": {
                        "startLines": "14,15,16,17,18,19,20,21,22,23,24,25,26,27,28,29,30,31,32,59,60",
                        "startColumns": "4,4,4,4,4,4,4,4,4,4,4,4,4,4,4,4,4,4,4,4,4",
                        "startOffsets": "499,618,726,849,957,1074,1162,1268,1389,1468,1546,1630,1739,1850,1951,2061,2178,2286,2409,6097,6181",
                        "endColumns": "118,107,122,107,116,87,105,120,78,77,83,108,110,100,109,116,107,122,101,83,100",
                        "endOffsets": "613,721,844,952,1069,1157,1263,1384,1463,1541,1625,1734,1845,1946,2056,2173,2281,2404,2506,6176,6277"
                    }
                },
                {
                    "source": "C:\\Users\\SWAT SEAL\\.gradle\\caches\\transforms-1\\files-1.1\\tweet-composer-3.1.1.aar\\8368696e21c9044d56364f96bd5962cb\\res\\values-tl\\values-tl.xml",
                    "from": {
                        "startLines": "2,3,4",
                        "startColumns": "4,4,4",
                        "startOffsets": "55,119,171",
                        "endColumns": "63,51,52",
                        "endOffsets": "114,166,219"
                    },
                    "to": {
                        "startLines": "61,66,69",
                        "startColumns": "4,4,4",
                        "startOffsets": "6282,6610,6752",
                        "endColumns": "63,51,52",
                        "endOffsets": "6341,6657,6800"
                    }
                },
                {
                    "source": "C:\\Users\\SWAT SEAL\\.gradle\\caches\\transforms-1\\files-1.1\\play-services-basement-12.0.1.aar\\b951e0e2da5a9ce75a5b739a2eed04a8\\res\\values-tl\\values.xml",
                    "from": {
                        "startLines": "4",
                        "startColumns": "0",
                        "startOffsets": "247",
                        "endColumns": "204",
                        "endOffsets": "451"
                    },
                    "to": {
                        "startLines": "41",
                        "startColumns": "4",
                        "startOffsets": "3728",
                        "endColumns": "204",
                        "endOffsets": "3928"
                    }
                },
                {
                    "source": "C:\\Users\\SWAT SEAL\\.gradle\\caches\\transforms-1\\files-1.1\\twitter-core-3.1.1.aar\\3a6850a2453e06ad4d7296440af323e8\\res\\values-tl\\values-tl.xml",
                    "from": {
                        "startLines": "2",
                        "startColumns": "4",
                        "startOffsets": "55",
                        "endColumns": "74",
                        "endOffsets": "125"
                    },
                    "to": {
                        "startLines": "65",
                        "startColumns": "4",
                        "startOffsets": "6535",
                        "endColumns": "74",
                        "endOffsets": "6605"
                    }
                },
                {
                    "source": "C:\\Users\\SWAT SEAL\\.gradle\\caches\\transforms-1\\files-1.1\\firebase-messaging-12.0.1.aar\\9a578ef3c246ab54503e58b22a339597\\res\\values-tl\\values.xml",
                    "from": {
                        "startLines": "4",
                        "startColumns": "0",
                        "startOffsets": "205",
                        "endColumns": "100",
                        "endOffsets": "305"
                    },
                    "to": {
                        "startLines": "51",
                        "startColumns": "4",
                        "startOffsets": "5363",
                        "endColumns": "104",
                        "endOffsets": "5463"
                    }
                }
            ]
        }
    ]
}