{
    "logs": [
        {
            "outputFile": "C:\\Users\\SWAT SEAL\\AndroidStudioProjects\\AndroidLab1\\app\\build\\intermediates\\incremental\\mergeDebugResources\\merged.dir\\values-de\\values-de.xml",
            "map": [
                {
                    "source": "C:\\Users\\SWAT SEAL\\.gradle\\caches\\transforms-1\\files-1.1\\firebase-messaging-12.0.1.aar\\9a578ef3c246ab54503e58b22a339597\\res\\values-de\\values.xml",
                    "from": {
                        "startLines": "4",
                        "startColumns": "0",
                        "startOffsets": "205",
                        "endColumns": "103",
                        "endOffsets": "308"
                    },
                    "to": {
                        "startLines": "51",
                        "startColumns": "4",
                        "startOffsets": "5307",
                        "endColumns": "107",
                        "endOffsets": "5410"
                    }
                },
                {
                    "source": "C:\\Users\\SWAT SEAL\\.gradle\\caches\\transforms-1\\files-1.1\\play-services-basement-12.0.1.aar\\b951e0e2da5a9ce75a5b739a2eed04a8\\res\\values-de\\values.xml",
                    "from": {
                        "startLines": "4",
                        "startColumns": "0",
                        "startOffsets": "247",
                        "endColumns": "203",
                        "endOffsets": "450"
                    },
                    "to": {
                        "startLines": "41",
                        "startColumns": "4",
                        "startOffsets": "3687",
                        "endColumns": "203",
                        "endOffsets": "3886"
                    }
                },
                {
                    "source": "C:\\Users\\SWAT SEAL\\.gradle\\caches\\transforms-1\\files-1.1\\tweet-composer-3.1.1.aar\\8368696e21c9044d56364f96bd5962cb\\res\\values-de\\values-de.xml",
                    "from": {
                        "startLines": "2,3,4",
                        "startColumns": "4,4,4",
                        "startOffsets": "55,119,171",
                        "endColumns": "63,51,51",
                        "endOffsets": "114,166,218"
                    },
                    "to": {
                        "startLines": "61,66,69",
                        "startColumns": "4,4,4",
                        "startOffsets": "6228,6552,6695",
                        "endColumns": "63,51,51",
                        "endOffsets": "6287,6599,6742"
                    }
                },
                {
                    "source": "C:\\Users\\SWAT SEAL\\.gradle\\caches\\transforms-1\\files-1.1\\play-services-ads-12.0.1.aar\\aedd9b74a5b8bc5d64e95c7fac68cce6\\res\\values-de\\values.xml",
                    "from": {
                        "startLines": "4,5,6,7,8,9,10",
                        "startColumns": "0,0,0,0,0,0,0",
                        "startOffsets": "199,270,398,465,531,613,732",
                        "endColumns": "70,127,66,65,81,118,68",
                        "endOffsets": "269,397,464,530,612,731,800"
                    },
                    "to": {
                        "startLines": "52,53,54,55,56,57,58",
                        "startColumns": "4,4,4,4,4,4,4",
                        "startOffsets": "5415,5490,5622,5693,5763,5849,5972",
                        "endColumns": "74,131,70,69,85,122,72",
                        "endOffsets": "5485,5617,5688,5758,5844,5967,6040"
                    }
                },
                {
                    "source": "C:\\Users\\SWAT SEAL\\.gradle\\caches\\transforms-1\\files-1.1\\play-services-base-12.0.1.aar\\89b0f101fe1aa70c87fb7f0eed52e00d\\res\\values-de\\values.xml",
                    "from": {
                        "startLines": "4,5,6,7,8,9,10,11,12,13,14,15,16,17,18,19,20",
                        "startColumns": "0,0,0,0,0,0,0,0,0,0,0,0,0,0,0,0,0",
                        "startOffsets": "245,352,548,674,784,1021,1150,1297,1441,1680,1790,1990,2119,2340,2542,2639,2728",
                        "endColumns": "106,195,125,109,236,128,146,143,238,109,199,128,220,201,96,88,104",
                        "endOffsets": "351,547,673,783,1020,1149,1296,1440,1679,1789,1989,2118,2339,2541,2638,2727,2832"
                    },
                    "to": {
                        "startLines": "33,34,35,36,37,38,39,40,42,43,44,45,46,47,48,49,50",
                        "startColumns": "4,4,4,4,4,4,4,4,4,4,4,4,4,4,4,4,4",
                        "startOffsets": "2467,2578,2774,2904,3018,3255,3388,3539,3891,4130,4244,4444,4577,4798,5004,5105,5198",
                        "endColumns": "110,195,129,113,236,132,150,147,238,113,199,132,220,205,100,92,108",
                        "endOffsets": "2573,2769,2899,3013,3250,3383,3534,3682,4125,4239,4439,4572,4793,4999,5100,5193,5302"
                    }
                },
                {
                    "source": "C:\\Users\\SWAT SEAL\\.gradle\\caches\\transforms-1\\files-1.1\\tweet-ui-3.1.1.aar\\2c7c84cf51aa836c10091385d20372e6\\res\\values-de\\values-de.xml",
                    "from": {
                        "startLines": "2,6,10,14,15,16,17,18,19,20,21,22,23,24,25,26,27",
                        "startColumns": "4,4,4,4,4,4,4,4,4,4,4,4,4,4,4,4,4",
                        "startOffsets": "55,195,334,473,534,601,666,710,757,821,887,943,1014,1138,1215,1272,1348",
                        "endLines": "5,9,13,14,15,16,17,18,19,20,21,22,23,24,25,26,27",
                        "endColumns": "14,14,14,60,66,64,43,46,63,65,55,70,123,76,56,75,59",
                        "endOffsets": "190,329,468,529,596,661,705,752,816,882,938,1009,1133,1210,1267,1343,1403"
                    },
                    "to": {
                        "startLines": "2,6,10,62,63,64,67,68,70,71,72,73,74,75,76,77,78",
                        "startColumns": "4,4,4,4,4,4,4,4,4,4,4,4,4,4,4,4,4",
                        "startOffsets": "105,245,384,6292,6353,6420,6604,6648,6747,6811,6877,6933,7004,7128,7205,7262,7338",
                        "endLines": "5,9,13,62,63,64,67,68,70,71,72,73,74,75,76,77,78",
                        "endColumns": "14,14,14,60,66,64,43,46,63,65,55,70,123,76,56,75,59",
                        "endOffsets": "240,379,518,6348,6415,6480,6643,6690,6806,6872,6928,6999,7123,7200,7257,7333,7393"
                    }
                },
                {
                    "source": "C:\\Users\\SWAT SEAL\\.gradle\\caches\\transforms-1\\files-1.1\\twitter-core-3.1.1.aar\\3a6850a2453e06ad4d7296440af323e8\\res\\values-de\\values-de.xml",
                    "from": {
                        "startLines": "2",
                        "startColumns": "4",
                        "startOffsets": "55",
                        "endColumns": "66",
                        "endOffsets": "117"
                    },
                    "to": {
                        "startLines": "65",
                        "startColumns": "4",
                        "startOffsets": "6485",
                        "endColumns": "66",
                        "endOffsets": "6547"
                    }
                },
                {
                    "source": "C:\\Users\\SWAT SEAL\\.gradle\\caches\\transforms-1\\files-1.1\\appcompat-v7-26.1.0.aar\\7377b89c716771af69b51e258d8f6af8\\res\\values-de\\values-de.xml",
                    "from": {
                        "startLines": "2,3,4,5,6,7,8,9,10,11,12,13,14,15,16,17,18,19,20,21,22",
                        "startColumns": "4,4,4,4,4,4,4,4,4,4,4,4,4,4,4,4,4,4,4,4,4",
                        "startOffsets": "55,160,268,391,489,601,687,792,907,984,1060,1142,1253,1356,1455,1566,1668,1775,1897,1999,2081",
                        "endColumns": "104,107,122,97,111,85,104,114,76,75,81,110,102,98,110,101,106,121,101,81,100",
                        "endOffsets": "155,263,386,484,596,682,787,902,979,1055,1137,1248,1351,1450,1561,1663,1770,1892,1994,2076,2177"
                    },
                    "to": {
                        "startLines": "14,15,16,17,18,19,20,21,22,23,24,25,26,27,28,29,30,31,32,59,60",
                        "startColumns": "4,4,4,4,4,4,4,4,4,4,4,4,4,4,4,4,4,4,4,4,4",
                        "startOffsets": "523,628,736,859,957,1069,1155,1260,1375,1452,1528,1610,1721,1824,1923,2034,2136,2243,2365,6045,6127",
                        "endColumns": "104,107,122,97,111,85,104,114,76,75,81,110,102,98,110,101,106,121,101,81,100",
                        "endOffsets": "623,731,854,952,1064,1150,1255,1370,1447,1523,1605,1716,1819,1918,2029,2131,2238,2360,2462,6122,6223"
                    }
                }
            ]
        }
    ]
}