{
    "logs": [
        {
            "outputFile": "C:\\Users\\SWAT SEAL\\AndroidStudioProjects\\AndroidLab1\\app\\build\\intermediates\\incremental\\mergeDebugResources\\merged.dir\\values-tr\\values-tr.xml",
            "map": [
                {
                    "source": "C:\\Users\\SWAT SEAL\\.gradle\\caches\\transforms-1\\files-1.1\\twitter-core-3.1.1.aar\\3a6850a2453e06ad4d7296440af323e8\\res\\values-tr\\values-tr.xml",
                    "from": {
                        "startLines": "2",
                        "startColumns": "4",
                        "startOffsets": "55",
                        "endColumns": "67",
                        "endOffsets": "118"
                    },
                    "to": {
                        "startLines": "65",
                        "startColumns": "4",
                        "startOffsets": "6315",
                        "endColumns": "67",
                        "endOffsets": "6378"
                    }
                },
                {
                    "source": "C:\\Users\\SWAT SEAL\\.gradle\\caches\\transforms-1\\files-1.1\\play-services-basement-12.0.1.aar\\b951e0e2da5a9ce75a5b739a2eed04a8\\res\\values-tr\\values.xml",
                    "from": {
                        "startLines": "4",
                        "startColumns": "0",
                        "startOffsets": "247",
                        "endColumns": "205",
                        "endOffsets": "452"
                    },
                    "to": {
                        "startLines": "41",
                        "startColumns": "4",
                        "startOffsets": "3606",
                        "endColumns": "205",
                        "endOffsets": "3807"
                    }
                },
                {
                    "source": "C:\\Users\\SWAT SEAL\\.gradle\\caches\\transforms-1\\files-1.1\\firebase-messaging-12.0.1.aar\\9a578ef3c246ab54503e58b22a339597\\res\\values-tr\\values.xml",
                    "from": {
                        "startLines": "4",
                        "startColumns": "0",
                        "startOffsets": "205",
                        "endColumns": "101",
                        "endOffsets": "306"
                    },
                    "to": {
                        "startLines": "51",
                        "startColumns": "4",
                        "startOffsets": "5172",
                        "endColumns": "105",
                        "endOffsets": "5273"
                    }
                },
                {
                    "source": "C:\\Users\\SWAT SEAL\\.gradle\\caches\\transforms-1\\files-1.1\\tweet-ui-3.1.1.aar\\2c7c84cf51aa836c10091385d20372e6\\res\\values-tr\\values-tr.xml",
                    "from": {
                        "startLines": "2,6,10,14,15,16,17,18,19,20,21,22,23,24,25,26,27",
                        "startColumns": "4,4,4,4,4,4,4,4,4,4,4,4,4,4,4,4,4",
                        "startOffsets": "55,187,318,448,503,566,629,676,719,785,850,902,983,1110,1193,1250,1326",
                        "endLines": "5,9,13,14,15,16,17,18,19,20,21,22,23,24,25,26,27",
                        "endColumns": "14,14,14,54,62,62,46,42,65,64,51,80,126,82,56,75,57",
                        "endOffsets": "182,313,443,498,561,624,671,714,780,845,897,978,1105,1188,1245,1321,1379"
                    },
                    "to": {
                        "startLines": "2,6,10,62,63,64,67,68,70,71,72,73,74,75,76,77,78",
                        "startColumns": "4,4,4,4,4,4,4,4,4,4,4,4,4,4,4,4,4",
                        "startOffsets": "105,237,368,6134,6189,6252,6435,6482,6574,6640,6705,6757,6838,6965,7048,7105,7181",
                        "endLines": "5,9,13,62,63,64,67,68,70,71,72,73,74,75,76,77,78",
                        "endColumns": "14,14,14,54,62,62,46,42,65,64,51,80,126,82,56,75,57",
                        "endOffsets": "232,363,493,6184,6247,6310,6477,6520,6635,6700,6752,6833,6960,7043,7100,7176,7234"
                    }
                },
                {
                    "source": "C:\\Users\\SWAT SEAL\\.gradle\\caches\\transforms-1\\files-1.1\\tweet-composer-3.1.1.aar\\8368696e21c9044d56364f96bd5962cb\\res\\values-tr\\values-tr.xml",
                    "from": {
                        "startLines": "2,3,4",
                        "startColumns": "4,4,4",
                        "startOffsets": "55,115,167",
                        "endColumns": "59,51,48",
                        "endOffsets": "110,162,211"
                    },
                    "to": {
                        "startLines": "61,66,69",
                        "startColumns": "4,4,4",
                        "startOffsets": "6074,6383,6525",
                        "endColumns": "59,51,48",
                        "endOffsets": "6129,6430,6569"
                    }
                },
                {
                    "source": "C:\\Users\\SWAT SEAL\\.gradle\\caches\\transforms-1\\files-1.1\\play-services-ads-12.0.1.aar\\aedd9b74a5b8bc5d64e95c7fac68cce6\\res\\values-tr\\values.xml",
                    "from": {
                        "startLines": "4,5,6,7,8,9,10",
                        "startColumns": "0,0,0,0,0,0,0",
                        "startOffsets": "199,268,389,455,519,601,717",
                        "endColumns": "68,120,65,63,81,115,69",
                        "endOffsets": "267,388,454,518,600,716,786"
                    },
                    "to": {
                        "startLines": "52,53,54,55,56,57,58",
                        "startColumns": "4,4,4,4,4,4,4",
                        "startOffsets": "5278,5351,5476,5546,5614,5700,5820",
                        "endColumns": "72,124,69,67,85,119,73",
                        "endOffsets": "5346,5471,5541,5609,5695,5815,5889"
                    }
                },
                {
                    "source": "C:\\Users\\SWAT SEAL\\.gradle\\caches\\transforms-1\\files-1.1\\appcompat-v7-26.1.0.aar\\7377b89c716771af69b51e258d8f6af8\\res\\values-tr\\values-tr.xml",
                    "from": {
                        "startLines": "2,3,4,5,6,7,8,9,10,11,12,13,14,15,16,17,18,19,20,21,22",
                        "startColumns": "4,4,4,4,4,4,4,4,4,4,4,4,4,4,4,4,4,4,4,4,4",
                        "startOffsets": "55,160,268,391,490,602,687,793,913,992,1068,1147,1254,1359,1455,1562,1664,1772,1891,1989,2068",
                        "endColumns": "104,107,122,98,111,84,105,119,78,75,78,106,104,95,106,101,107,118,97,78,100",
                        "endOffsets": "155,263,386,485,597,682,788,908,987,1063,1142,1249,1354,1450,1557,1659,1767,1886,1984,2063,2164"
                    },
                    "to": {
                        "startLines": "14,15,16,17,18,19,20,21,22,23,24,25,26,27,28,29,30,31,32,59,60",
                        "startColumns": "4,4,4,4,4,4,4,4,4,4,4,4,4,4,4,4,4,4,4,4,4",
                        "startOffsets": "498,603,711,834,933,1045,1130,1236,1356,1435,1511,1590,1697,1802,1898,2005,2107,2215,2334,5894,5973",
                        "endColumns": "104,107,122,98,111,84,105,119,78,75,78,106,104,95,106,101,107,118,97,78,100",
                        "endOffsets": "598,706,829,928,1040,1125,1231,1351,1430,1506,1585,1692,1797,1893,2000,2102,2210,2329,2427,5968,6069"
                    }
                },
                {
                    "source": "C:\\Users\\SWAT SEAL\\.gradle\\caches\\transforms-1\\files-1.1\\play-services-base-12.0.1.aar\\89b0f101fe1aa70c87fb7f0eed52e00d\\res\\values-tr\\values.xml",
                    "from": {
                        "startLines": "4,5,6,7,8,9,10,11,12,13,14,15,16,17,18,19,20",
                        "startColumns": "0,0,0,0,0,0,0,0,0,0,0,0,0,0,0,0,0",
                        "startOffsets": "245,353,540,674,777,983,1111,1264,1395,1626,1731,1919,2051,2255,2448,2536,2626",
                        "endColumns": "107,186,133,102,205,127,152,130,230,104,187,131,203,192,87,89,104",
                        "endOffsets": "352,539,673,776,982,1110,1263,1394,1625,1730,1918,2050,2254,2447,2535,2625,2730"
                    },
                    "to": {
                        "startLines": "33,34,35,36,37,38,39,40,42,43,44,45,46,47,48,49,50",
                        "startColumns": "4,4,4,4,4,4,4,4,4,4,4,4,4,4,4,4,4",
                        "startOffsets": "2432,2544,2731,2869,2976,3182,3314,3471,3812,4043,4152,4340,4476,4680,4877,4969,5063",
                        "endColumns": "111,186,137,106,205,131,156,134,230,108,187,135,203,196,91,93,108",
                        "endOffsets": "2539,2726,2864,2971,3177,3309,3466,3601,4038,4147,4335,4471,4675,4872,4964,5058,5167"
                    }
                }
            ]
        }
    ]
}