{
    "logs": [
        {
            "outputFile": "C:\\Users\\SWAT SEAL\\AndroidStudioProjects\\AndroidLab1\\app\\build\\intermediates\\incremental\\mergeDebugResources\\merged.dir\\values-cs\\values-cs.xml",
            "map": [
                {
                    "source": "C:\\Users\\SWAT SEAL\\.gradle\\caches\\transforms-1\\files-1.1\\tweet-ui-3.1.1.aar\\2c7c84cf51aa836c10091385d20372e6\\res\\values-cs\\values-cs.xml",
                    "from": {
                        "startLines": "2,6,10,14,15,16,17,18,19,20,21,22,23,24,25",
                        "startColumns": "4,4,4,4,4,4,4,4,4,4,4,4,4,4,4",
                        "startOffsets": "55,189,326,459,517,576,638,687,732,790,867,997,1083,1140,1216",
                        "endLines": "5,9,13,14,15,16,17,18,19,20,21,22,23,24,25",
                        "endColumns": "14,14,14,57,58,61,48,44,57,76,129,85,56,75,59",
                        "endOffsets": "184,321,454,512,571,633,682,727,785,862,992,1078,1135,1211,1271"
                    },
                    "to": {
                        "startLines": "2,6,10,62,63,64,67,68,70,71,72,73,74,75,76",
                        "startColumns": "4,4,4,4,4,4,4,4,4,4,4,4,4,4,4",
                        "startOffsets": "105,239,376,6173,6231,6290,6481,6530,6628,6686,6763,6893,6979,7036,7112",
                        "endLines": "5,9,13,62,63,64,67,68,70,71,72,73,74,75,76",
                        "endColumns": "14,14,14,57,58,61,48,44,57,76,129,85,56,75,59",
                        "endOffsets": "234,371,504,6226,6285,6347,6525,6570,6681,6758,6888,6974,7031,7107,7167"
                    }
                },
                {
                    "source": "C:\\Users\\SWAT SEAL\\.gradle\\caches\\transforms-1\\files-1.1\\firebase-messaging-12.0.1.aar\\9a578ef3c246ab54503e58b22a339597\\res\\values-cs\\values.xml",
                    "from": {
                        "startLines": "4",
                        "startColumns": "0",
                        "startOffsets": "205",
                        "endColumns": "99",
                        "endOffsets": "304"
                    },
                    "to": {
                        "startLines": "51",
                        "startColumns": "4",
                        "startOffsets": "5210",
                        "endColumns": "103",
                        "endOffsets": "5309"
                    }
                },
                {
                    "source": "C:\\Users\\SWAT SEAL\\.gradle\\caches\\transforms-1\\files-1.1\\play-services-ads-12.0.1.aar\\aedd9b74a5b8bc5d64e95c7fac68cce6\\res\\values-cs\\values.xml",
                    "from": {
                        "startLines": "4,5,6,7,8,9,10",
                        "startColumns": "0,0,0,0,0,0,0",
                        "startOffsets": "199,271,383,449,516,602,709",
                        "endColumns": "71,111,65,66,85,106,73",
                        "endOffsets": "270,382,448,515,601,708,782"
                    },
                    "to": {
                        "startLines": "52,53,54,55,56,57,58",
                        "startColumns": "4,4,4,4,4,4,4",
                        "startOffsets": "5314,5390,5506,5576,5647,5737,5848",
                        "endColumns": "75,115,69,70,89,110,77",
                        "endOffsets": "5385,5501,5571,5642,5732,5843,5921"
                    }
                },
                {
                    "source": "C:\\Users\\SWAT SEAL\\.gradle\\caches\\transforms-1\\files-1.1\\twitter-core-3.1.1.aar\\3a6850a2453e06ad4d7296440af323e8\\res\\values-cs\\values-cs.xml",
                    "from": {
                        "startLines": "2",
                        "startColumns": "4",
                        "startOffsets": "55",
                        "endColumns": "76",
                        "endOffsets": "127"
                    },
                    "to": {
                        "startLines": "65",
                        "startColumns": "4",
                        "startOffsets": "6352",
                        "endColumns": "76",
                        "endOffsets": "6424"
                    }
                },
                {
                    "source": "C:\\Users\\SWAT SEAL\\.gradle\\caches\\transforms-1\\files-1.1\\play-services-base-12.0.1.aar\\89b0f101fe1aa70c87fb7f0eed52e00d\\res\\values-cs\\values.xml",
                    "from": {
                        "startLines": "4,5,6,7,8,9,10,11,12,13,14,15,16,17,18,19,20",
                        "startColumns": "0,0,0,0,0,0,0,0,0,0,0,0,0,0,0,0,0",
                        "startOffsets": "245,349,541,664,772,984,1109,1247,1373,1607,1716,1911,2037,2257,2438,2532,2625",
                        "endColumns": "103,191,122,107,211,124,137,125,233,108,194,125,219,180,93,92,110",
                        "endOffsets": "348,540,663,771,983,1108,1246,1372,1606,1715,1910,2036,2256,2437,2531,2624,2735"
                    },
                    "to": {
                        "startLines": "33,34,35,36,37,38,39,40,42,43,44,45,46,47,48,49,50",
                        "startColumns": "4,4,4,4,4,4,4,4,4,4,4,4,4,4,4,4,4",
                        "startOffsets": "2469,2577,2769,2896,3008,3220,3349,3491,3823,4057,4170,4365,4495,4715,4900,4998,5095",
                        "endColumns": "107,191,126,111,211,128,141,129,233,112,194,129,219,184,97,96,114",
                        "endOffsets": "2572,2764,2891,3003,3215,3344,3486,3616,4052,4165,4360,4490,4710,4895,4993,5090,5205"
                    }
                },
                {
                    "source": "C:\\Users\\SWAT SEAL\\.gradle\\caches\\transforms-1\\files-1.1\\play-services-basement-12.0.1.aar\\b951e0e2da5a9ce75a5b739a2eed04a8\\res\\values-cs\\values.xml",
                    "from": {
                        "startLines": "4",
                        "startColumns": "0",
                        "startOffsets": "247",
                        "endColumns": "201",
                        "endOffsets": "448"
                    },
                    "to": {
                        "startLines": "41",
                        "startColumns": "4",
                        "startOffsets": "3621",
                        "endColumns": "201",
                        "endOffsets": "3818"
                    }
                },
                {
                    "source": "C:\\Users\\SWAT SEAL\\.gradle\\caches\\transforms-1\\files-1.1\\tweet-composer-3.1.1.aar\\8368696e21c9044d56364f96bd5962cb\\res\\values-cs\\values-cs.xml",
                    "from": {
                        "startLines": "2,3,4",
                        "startColumns": "4,4,4",
                        "startOffsets": "55,119,171",
                        "endColumns": "63,51,52",
                        "endOffsets": "114,166,219"
                    },
                    "to": {
                        "startLines": "61,66,69",
                        "startColumns": "4,4,4",
                        "startOffsets": "6109,6429,6575",
                        "endColumns": "63,51,52",
                        "endOffsets": "6168,6476,6623"
                    }
                },
                {
                    "source": "C:\\Users\\SWAT SEAL\\.gradle\\caches\\transforms-1\\files-1.1\\appcompat-v7-26.1.0.aar\\7377b89c716771af69b51e258d8f6af8\\res\\values-cs\\values-cs.xml",
                    "from": {
                        "startLines": "2,3,4,5,6,7,8,9,10,11,12,13,14,15,16,17,18,19,20,21,22",
                        "startColumns": "4,4,4,4,4,4,4,4,4,4,4,4,4,4,4,4,4,4,4,4,4",
                        "startOffsets": "55,162,271,395,497,606,692,797,914,995,1076,1160,1264,1373,1472,1578,1688,1795,1917,2015,2097",
                        "endColumns": "106,108,123,101,108,85,104,116,80,80,83,103,108,98,105,109,106,121,97,81,100",
                        "endOffsets": "157,266,390,492,601,687,792,909,990,1071,1155,1259,1368,1467,1573,1683,1790,1912,2010,2092,2193"
                    },
                    "to": {
                        "startLines": "14,15,16,17,18,19,20,21,22,23,24,25,26,27,28,29,30,31,32,59,60",
                        "startColumns": "4,4,4,4,4,4,4,4,4,4,4,4,4,4,4,4,4,4,4,4,4",
                        "startOffsets": "509,616,725,849,951,1060,1146,1251,1368,1449,1530,1614,1718,1827,1926,2032,2142,2249,2371,5926,6008",
                        "endColumns": "106,108,123,101,108,85,104,116,80,80,83,103,108,98,105,109,106,121,97,81,100",
                        "endOffsets": "611,720,844,946,1055,1141,1246,1363,1444,1525,1609,1713,1822,1921,2027,2137,2244,2366,2464,6003,6104"
                    }
                }
            ]
        }
    ]
}