{
    "logs": [
        {
            "outputFile": "C:\\Users\\SWAT SEAL\\AndroidStudioProjects\\AndroidLab1\\app\\build\\intermediates\\incremental\\mergeDebugResources\\merged.dir\\values-sl\\values-sl.xml",
            "map": [
                {
                    "source": "C:\\Users\\SWAT SEAL\\.gradle\\caches\\transforms-1\\files-1.1\\firebase-messaging-12.0.1.aar\\9a578ef3c246ab54503e58b22a339597\\res\\values-sl\\values.xml",
                    "from": {
                        "startLines": "4",
                        "startColumns": "0",
                        "startOffsets": "205",
                        "endColumns": "99",
                        "endOffsets": "304"
                    },
                    "to": {
                        "startLines": "39",
                        "startColumns": "4",
                        "startOffsets": "4788",
                        "endColumns": "103",
                        "endOffsets": "4887"
                    }
                },
                {
                    "source": "C:\\Users\\SWAT SEAL\\.gradle\\caches\\transforms-1\\files-1.1\\play-services-ads-12.0.1.aar\\aedd9b74a5b8bc5d64e95c7fac68cce6\\res\\values-sl\\values.xml",
                    "from": {
                        "startLines": "4,5,6,7,8,9,10",
                        "startColumns": "0,0,0,0,0,0,0",
                        "startOffsets": "199,274,384,449,513,603,711",
                        "endColumns": "74,109,64,63,89,107,73",
                        "endOffsets": "273,383,448,512,602,710,784"
                    },
                    "to": {
                        "startLines": "40,41,42,43,44,45,46",
                        "startColumns": "4,4,4,4,4,4,4",
                        "startOffsets": "4892,4971,5085,5154,5222,5316,5428",
                        "endColumns": "78,113,68,67,93,111,77",
                        "endOffsets": "4966,5080,5149,5217,5311,5423,5501"
                    }
                },
                {
                    "source": "C:\\Users\\SWAT SEAL\\.gradle\\caches\\transforms-1\\files-1.1\\play-services-base-12.0.1.aar\\89b0f101fe1aa70c87fb7f0eed52e00d\\res\\values-sl\\values.xml",
                    "from": {
                        "startLines": "4,5,6,7,8,9,10,11,12,13,14,15,16,17,18,19,20",
                        "startColumns": "0,0,0,0,0,0,0,0,0,0,0,0,0,0,0,0,0",
                        "startOffsets": "245,349,546,673,778,984,1112,1252,1381,1598,1703,1901,2029,2240,2418,2514,2602",
                        "endColumns": "103,196,126,104,205,127,139,128,216,104,197,127,210,177,95,87,108",
                        "endOffsets": "348,545,672,777,983,1111,1251,1380,1597,1702,1900,2028,2239,2417,2513,2601,2710"
                    },
                    "to": {
                        "startLines": "21,22,23,24,25,26,27,28,30,31,32,33,34,35,36,37,38",
                        "startColumns": "4,4,4,4,4,4,4,4,4,4,4,4,4,4,4,4,4",
                        "startOffsets": "2075,2183,2380,2511,2620,2826,2958,3102,3434,3651,3760,3958,4090,4301,4483,4583,4675",
                        "endColumns": "107,196,130,108,205,131,143,132,216,108,197,131,210,181,99,91,112",
                        "endOffsets": "2178,2375,2506,2615,2821,2953,3097,3230,3646,3755,3953,4085,4296,4478,4578,4670,4783"
                    }
                },
                {
                    "source": "C:\\Users\\SWAT SEAL\\.gradle\\caches\\transforms-1\\files-1.1\\play-services-basement-12.0.1.aar\\b951e0e2da5a9ce75a5b739a2eed04a8\\res\\values-sl\\values.xml",
                    "from": {
                        "startLines": "4",
                        "startColumns": "0",
                        "startOffsets": "247",
                        "endColumns": "198",
                        "endOffsets": "445"
                    },
                    "to": {
                        "startLines": "29",
                        "startColumns": "4",
                        "startOffsets": "3235",
                        "endColumns": "198",
                        "endOffsets": "3429"
                    }
                },
                {
                    "source": "C:\\Users\\SWAT SEAL\\.gradle\\caches\\transforms-1\\files-1.1\\appcompat-v7-26.1.0.aar\\7377b89c716771af69b51e258d8f6af8\\res\\values-sl\\values-sl.xml",
                    "from": {
                        "startLines": "2,3,4,5,6,7,8,9,10,11,12,13,14,15,16,17,18,19,20,21,22",
                        "startColumns": "4,4,4,4,4,4,4,4,4,4,4,4,4,4,4,4,4,4,4,4,4",
                        "startOffsets": "55,162,270,393,500,608,695,798,917,1002,1086,1170,1278,1387,1487,1600,1707,1811,1928,2025,2108",
                        "endColumns": "106,107,122,106,107,86,102,118,84,83,83,107,108,99,112,106,103,116,96,82,100",
                        "endOffsets": "157,265,388,495,603,690,793,912,997,1081,1165,1273,1382,1482,1595,1702,1806,1923,2020,2103,2204"
                    },
                    "to": {
                        "startLines": "2,3,4,5,6,7,8,9,10,11,12,13,14,15,16,17,18,19,20,47,48",
                        "startColumns": "4,4,4,4,4,4,4,4,4,4,4,4,4,4,4,4,4,4,4,4,4",
                        "startOffsets": "105,212,320,443,550,658,745,848,967,1052,1136,1220,1328,1437,1537,1650,1757,1861,1978,5506,5589",
                        "endColumns": "106,107,122,106,107,86,102,118,84,83,83,107,108,99,112,106,103,116,96,82,100",
                        "endOffsets": "207,315,438,545,653,740,843,962,1047,1131,1215,1323,1432,1532,1645,1752,1856,1973,2070,5584,5685"
                    }
                }
            ]
        }
    ]
}