{
    "logs": [
        {
            "outputFile": "C:\\Users\\SWAT SEAL\\AndroidStudioProjects\\AndroidLab1\\app\\build\\intermediates\\incremental\\mergeDebugResources\\merged.dir\\values-zu\\values-zu.xml",
            "map": [
                {
                    "source": "C:\\Users\\SWAT SEAL\\.gradle\\caches\\transforms-1\\files-1.1\\play-services-ads-12.0.1.aar\\aedd9b74a5b8bc5d64e95c7fac68cce6\\res\\values-zu\\values.xml",
                    "from": {
                        "startLines": "4,5,6,7,8,9,10",
                        "startColumns": "0,0,0,0,0,0,0",
                        "startOffsets": "199,275,392,458,523,604,708",
                        "endColumns": "75,116,65,64,80,103,74",
                        "endOffsets": "274,391,457,522,603,707,782"
                    },
                    "to": {
                        "startLines": "40,41,42,43,44,45,46",
                        "startColumns": "4,4,4,4,4,4,4",
                        "startOffsets": "4961,5041,5162,5232,5301,5386,5494",
                        "endColumns": "79,120,69,68,84,107,78",
                        "endOffsets": "5036,5157,5227,5296,5381,5489,5568"
                    }
                },
                {
                    "source": "C:\\Users\\SWAT SEAL\\.gradle\\caches\\transforms-1\\files-1.1\\appcompat-v7-26.1.0.aar\\7377b89c716771af69b51e258d8f6af8\\res\\values-zu\\values-zu.xml",
                    "from": {
                        "startLines": "2,3,4,5,6,7,8,9,10,11,12,13,14,15,16,17,18,19,20,21,22",
                        "startColumns": "4,4,4,4,4,4,4,4,4,4,4,4,4,4,4,4,4,4,4,4,4",
                        "startOffsets": "55,163,271,394,501,615,703,806,933,1013,1093,1179,1283,1389,1487,1594,1700,1806,1926,2022,2103",
                        "endColumns": "107,107,122,106,113,87,102,126,79,79,85,103,105,97,106,105,105,119,95,80,100",
                        "endOffsets": "158,266,389,496,610,698,801,928,1008,1088,1174,1278,1384,1482,1589,1695,1801,1921,2017,2098,2199"
                    },
                    "to": {
                        "startLines": "2,3,4,5,6,7,8,9,10,11,12,13,14,15,16,17,18,19,20,47,48",
                        "startColumns": "4,4,4,4,4,4,4,4,4,4,4,4,4,4,4,4,4,4,4,4,4",
                        "startOffsets": "105,213,321,444,551,665,753,856,983,1063,1143,1229,1333,1439,1537,1644,1750,1856,1976,5573,5654",
                        "endColumns": "107,107,122,106,113,87,102,126,79,79,85,103,105,97,106,105,105,119,95,80,100",
                        "endOffsets": "208,316,439,546,660,748,851,978,1058,1138,1224,1328,1434,1532,1639,1745,1851,1971,2067,5649,5750"
                    }
                },
                {
                    "source": "C:\\Users\\SWAT SEAL\\.gradle\\caches\\transforms-1\\files-1.1\\play-services-base-12.0.1.aar\\89b0f101fe1aa70c87fb7f0eed52e00d\\res\\values-zu\\values.xml",
                    "from": {
                        "startLines": "4,5,6,7,8,9,10,11,12,13,14,15,16,17,18,19,20",
                        "startColumns": "0,0,0,0,0,0,0,0,0,0,0,0,0,0,0,0,0",
                        "startOffsets": "245,354,562,695,797,1024,1151,1301,1436,1655,1763,1959,2088,2305,2488,2575,2670",
                        "endColumns": "108,207,132,101,226,126,149,134,218,107,195,128,216,182,86,94,109",
                        "endOffsets": "353,561,694,796,1023,1150,1300,1435,1654,1762,1958,2087,2304,2487,2574,2669,2779"
                    },
                    "to": {
                        "startLines": "21,22,23,24,25,26,27,28,30,31,32,33,34,35,36,37,38",
                        "startColumns": "4,4,4,4,4,4,4,4,4,4,4,4,4,4,4,4,4",
                        "startOffsets": "2072,2185,2393,2530,2636,2863,2994,3148,3478,3697,3809,4005,4138,4355,4542,4633,4732",
                        "endColumns": "112,207,136,105,226,130,153,138,218,111,195,132,216,186,90,98,113",
                        "endOffsets": "2180,2388,2525,2631,2858,2989,3143,3282,3692,3804,4000,4133,4350,4537,4628,4727,4841"
                    }
                },
                {
                    "source": "C:\\Users\\SWAT SEAL\\.gradle\\caches\\transforms-1\\files-1.1\\play-services-basement-12.0.1.aar\\b951e0e2da5a9ce75a5b739a2eed04a8\\res\\values-zu\\values.xml",
                    "from": {
                        "startLines": "4",
                        "startColumns": "0",
                        "startOffsets": "247",
                        "endColumns": "190",
                        "endOffsets": "437"
                    },
                    "to": {
                        "startLines": "29",
                        "startColumns": "4",
                        "startOffsets": "3287",
                        "endColumns": "190",
                        "endOffsets": "3473"
                    }
                },
                {
                    "source": "C:\\Users\\SWAT SEAL\\.gradle\\caches\\transforms-1\\files-1.1\\firebase-messaging-12.0.1.aar\\9a578ef3c246ab54503e58b22a339597\\res\\values-zu\\values.xml",
                    "from": {
                        "startLines": "4",
                        "startColumns": "0",
                        "startOffsets": "205",
                        "endColumns": "110",
                        "endOffsets": "315"
                    },
                    "to": {
                        "startLines": "39",
                        "startColumns": "4",
                        "startOffsets": "4846",
                        "endColumns": "114",
                        "endOffsets": "4956"
                    }
                }
            ]
        }
    ]
}