{
    "logs": [
        {
            "outputFile": "C:\\Users\\SWAT SEAL\\AndroidStudioProjects\\AndroidLab1\\app\\build\\intermediates\\incremental\\mergeDebugResources\\merged.dir\\values-fa\\values-fa.xml",
            "map": [
                {
                    "source": "C:\\Users\\SWAT SEAL\\.gradle\\caches\\transforms-1\\files-1.1\\tweet-ui-3.1.1.aar\\2c7c84cf51aa836c10091385d20372e6\\res\\values-fa\\values-fa.xml",
                    "from": {
                        "startLines": "2,6,10,14,15,16,17,18,19,20,21,22,23,24,25,26,27",
                        "startColumns": "4,4,4,4,4,4,4,4,4,4,4,4,4,4,4,4,4",
                        "startOffsets": "55,195,336,477,534,590,650,698,739,803,868,916,991,1111,1189,1255,1331",
                        "endLines": "5,9,13,14,15,16,17,18,19,20,21,22,23,24,25,26,27",
                        "endColumns": "14,14,14,56,55,59,47,40,63,64,47,74,119,77,65,75,69",
                        "endOffsets": "190,331,472,529,585,645,693,734,798,863,911,986,1106,1184,1250,1326,1396"
                    },
                    "to": {
                        "startLines": "2,6,10,62,63,64,67,68,70,71,72,73,74,75,76,77,78",
                        "startColumns": "4,4,4,4,4,4,4,4,4,4,4,4,4,4,4,4,4",
                        "startOffsets": "105,245,386,6178,6235,6291,6464,6512,6602,6666,6731,6779,6854,6974,7052,7118,7194",
                        "endLines": "5,9,13,62,63,64,67,68,70,71,72,73,74,75,76,77,78",
                        "endColumns": "14,14,14,56,55,59,47,40,63,64,47,74,119,77,65,75,69",
                        "endOffsets": "240,381,522,6230,6286,6346,6507,6548,6661,6726,6774,6849,6969,7047,7113,7189,7259"
                    }
                },
                {
                    "source": "C:\\Users\\SWAT SEAL\\.gradle\\caches\\transforms-1\\files-1.1\\play-services-ads-12.0.1.aar\\aedd9b74a5b8bc5d64e95c7fac68cce6\\res\\values-fa\\values.xml",
                    "from": {
                        "startLines": "4,5,6,7,8,9,10",
                        "startColumns": "0,0,0,0,0,0,0",
                        "startOffsets": "199,267,382,447,513,589,693",
                        "endColumns": "67,114,64,65,75,103,69",
                        "endOffsets": "266,381,446,512,588,692,762"
                    },
                    "to": {
                        "startLines": "52,53,54,55,56,57,58",
                        "startColumns": "4,4,4,4,4,4,4",
                        "startOffsets": "5328,5400,5519,5588,5658,5738,5846",
                        "endColumns": "71,118,68,69,79,107,73",
                        "endOffsets": "5395,5514,5583,5653,5733,5841,5915"
                    }
                },
                {
                    "source": "C:\\Users\\SWAT SEAL\\.gradle\\caches\\transforms-1\\files-1.1\\play-services-base-12.0.1.aar\\89b0f101fe1aa70c87fb7f0eed52e00d\\res\\values-fa\\values.xml",
                    "from": {
                        "startLines": "4,5,6,7,8,9,10,11,12,13,14,15,16,17,18,19,20",
                        "startColumns": "0,0,0,0,0,0,0,0,0,0,0,0,0,0,0,0,0",
                        "startOffsets": "245,351,542,671,772,971,1097,1238,1365,1577,1685,1888,2019,2233,2417,2509,2603",
                        "endColumns": "105,190,128,100,198,125,140,126,211,107,202,130,213,183,91,93,109",
                        "endOffsets": "350,541,670,771,970,1096,1237,1364,1576,1684,1887,2018,2232,2416,2508,2602,2712"
                    },
                    "to": {
                        "startLines": "33,34,35,36,37,38,39,40,42,43,44,45,46,47,48,49,50",
                        "startColumns": "4,4,4,4,4,4,4,4,4,4,4,4,4,4,4,4,4",
                        "startOffsets": "2489,2599,2790,2923,3028,3227,3357,3502,3847,4059,4171,4374,4509,4723,4911,5007,5105",
                        "endColumns": "109,190,132,104,198,129,144,130,211,111,202,134,213,187,95,97,113",
                        "endOffsets": "2594,2785,2918,3023,3222,3352,3497,3628,4054,4166,4369,4504,4718,4906,5002,5100,5214"
                    }
                },
                {
                    "source": "C:\\Users\\SWAT SEAL\\.gradle\\caches\\transforms-1\\files-1.1\\play-services-basement-12.0.1.aar\\b951e0e2da5a9ce75a5b739a2eed04a8\\res\\values-fa\\values.xml",
                    "from": {
                        "startLines": "4",
                        "startColumns": "0",
                        "startOffsets": "247",
                        "endColumns": "213",
                        "endOffsets": "460"
                    },
                    "to": {
                        "startLines": "41",
                        "startColumns": "4",
                        "startOffsets": "3633",
                        "endColumns": "213",
                        "endOffsets": "3842"
                    }
                },
                {
                    "source": "C:\\Users\\SWAT SEAL\\.gradle\\caches\\transforms-1\\files-1.1\\appcompat-v7-26.1.0.aar\\7377b89c716771af69b51e258d8f6af8\\res\\values-fa\\values-fa.xml",
                    "from": {
                        "startLines": "2,3,4,5,6,7,8,9,10,11,12,13,14,15,16,17,18,19,20,21,22",
                        "startColumns": "4,4,4,4,4,4,4,4,4,4,4,4,4,4,4,4,4,4,4,4,4",
                        "startOffsets": "55,165,275,401,504,615,699,802,917,996,1074,1155,1267,1370,1468,1578,1682,1791,1916,2017,2098",
                        "endColumns": "109,109,125,102,110,83,102,114,78,77,80,111,102,97,109,103,108,124,100,80,100",
                        "endOffsets": "160,270,396,499,610,694,797,912,991,1069,1150,1262,1365,1463,1573,1677,1786,1911,2012,2093,2194"
                    },
                    "to": {
                        "startLines": "14,15,16,17,18,19,20,21,22,23,24,25,26,27,28,29,30,31,32,59,60",
                        "startColumns": "4,4,4,4,4,4,4,4,4,4,4,4,4,4,4,4,4,4,4,4,4",
                        "startOffsets": "527,637,747,873,976,1087,1171,1274,1389,1468,1546,1627,1739,1842,1940,2050,2154,2263,2388,5920,6001",
                        "endColumns": "109,109,125,102,110,83,102,114,78,77,80,111,102,97,109,103,108,124,100,80,100",
                        "endOffsets": "632,742,868,971,1082,1166,1269,1384,1463,1541,1622,1734,1837,1935,2045,2149,2258,2383,2484,5996,6097"
                    }
                },
                {
                    "source": "C:\\Users\\SWAT SEAL\\.gradle\\caches\\transforms-1\\files-1.1\\tweet-composer-3.1.1.aar\\8368696e21c9044d56364f96bd5962cb\\res\\values-fa\\values-fa.xml",
                    "from": {
                        "startLines": "2,3,4",
                        "startColumns": "4,4,4",
                        "startOffsets": "55,131,183",
                        "endColumns": "75,51,48",
                        "endOffsets": "126,178,227"
                    },
                    "to": {
                        "startLines": "61,66,69",
                        "startColumns": "4,4,4",
                        "startOffsets": "6102,6412,6553",
                        "endColumns": "75,51,48",
                        "endOffsets": "6173,6459,6597"
                    }
                },
                {
                    "source": "C:\\Users\\SWAT SEAL\\.gradle\\caches\\transforms-1\\files-1.1\\firebase-messaging-12.0.1.aar\\9a578ef3c246ab54503e58b22a339597\\res\\values-fa\\values.xml",
                    "from": {
                        "startLines": "4",
                        "startColumns": "0",
                        "startOffsets": "205",
                        "endColumns": "104",
                        "endOffsets": "309"
                    },
                    "to": {
                        "startLines": "51",
                        "startColumns": "4",
                        "startOffsets": "5219",
                        "endColumns": "108",
                        "endOffsets": "5323"
                    }
                },
                {
                    "source": "C:\\Users\\SWAT SEAL\\.gradle\\caches\\transforms-1\\files-1.1\\twitter-core-3.1.1.aar\\3a6850a2453e06ad4d7296440af323e8\\res\\values-fa\\values-fa.xml",
                    "from": {
                        "startLines": "2",
                        "startColumns": "4",
                        "startOffsets": "55",
                        "endColumns": "60",
                        "endOffsets": "111"
                    },
                    "to": {
                        "startLines": "65",
                        "startColumns": "4",
                        "startOffsets": "6351",
                        "endColumns": "60",
                        "endOffsets": "6407"
                    }
                }
            ]
        }
    ]
}