{
    "logs": [
        {
            "outputFile": "C:\\Users\\SWAT SEAL\\AndroidStudioProjects\\AndroidLab1\\app\\build\\intermediates\\incremental\\mergeDebugResources\\merged.dir\\values-fr\\values-fr.xml",
            "map": [
                {
                    "source": "C:\\Users\\SWAT SEAL\\.gradle\\caches\\transforms-1\\files-1.1\\play-services-ads-12.0.1.aar\\aedd9b74a5b8bc5d64e95c7fac68cce6\\res\\values-fr\\values.xml",
                    "from": {
                        "startLines": "4,5,6,7,8,9,10",
                        "startColumns": "0,0,0,0,0,0,0",
                        "startOffsets": "199,276,401,467,532,618,729",
                        "endColumns": "76,124,65,64,85,110,69",
                        "endOffsets": "275,400,466,531,617,728,798"
                    },
                    "to": {
                        "startLines": "52,53,54,55,56,57,58",
                        "startColumns": "4,4,4,4,4,4,4",
                        "startOffsets": "5507,5588,5717,5787,5856,5946,6061",
                        "endColumns": "80,128,69,68,89,114,73",
                        "endOffsets": "5583,5712,5782,5851,5941,6056,6130"
                    }
                },
                {
                    "source": "C:\\Users\\SWAT SEAL\\.gradle\\caches\\transforms-1\\files-1.1\\tweet-ui-3.1.1.aar\\2c7c84cf51aa836c10091385d20372e6\\res\\values-fr\\values-fr.xml",
                    "from": {
                        "startLines": "2,6,10,14,15,16,17,18,19,20,21,22,23,24,25,26,27",
                        "startColumns": "4,4,4,4,4,4,4,4,4,4,4,4,4,4,4,4,4",
                        "startOffsets": "55,189,322,455,513,571,637,681,723,787,852,898,968,1085,1161,1223,1299",
                        "endLines": "5,9,13,14,15,16,17,18,19,20,21,22,23,24,25,26,27",
                        "endColumns": "14,14,14,57,57,65,43,41,63,64,45,69,116,75,61,75,58",
                        "endOffsets": "184,317,450,508,566,632,676,718,782,847,893,963,1080,1156,1218,1294,1353"
                    },
                    "to": {
                        "startLines": "2,6,10,62,63,64,67,68,70,71,72,73,74,75,76,77,78",
                        "startColumns": "4,4,4,4,4,4,4,4,4,4,4,4,4,4,4,4,4",
                        "startOffsets": "105,239,372,6388,6446,6504,6694,6738,6829,6893,6958,7004,7074,7191,7267,7329,7405",
                        "endLines": "5,9,13,62,63,64,67,68,70,71,72,73,74,75,76,77,78",
                        "endColumns": "14,14,14,57,57,65,43,41,63,64,45,69,116,75,61,75,58",
                        "endOffsets": "234,367,500,6441,6499,6565,6733,6775,6888,6953,6999,7069,7186,7262,7324,7400,7459"
                    }
                },
                {
                    "source": "C:\\Users\\SWAT SEAL\\.gradle\\caches\\transforms-1\\files-1.1\\firebase-messaging-12.0.1.aar\\9a578ef3c246ab54503e58b22a339597\\res\\values-fr\\values.xml",
                    "from": {
                        "startLines": "4",
                        "startColumns": "0",
                        "startOffsets": "205",
                        "endColumns": "100",
                        "endOffsets": "305"
                    },
                    "to": {
                        "startLines": "51",
                        "startColumns": "4",
                        "startOffsets": "5402",
                        "endColumns": "104",
                        "endOffsets": "5502"
                    }
                },
                {
                    "source": "C:\\Users\\SWAT SEAL\\.gradle\\caches\\transforms-1\\files-1.1\\appcompat-v7-26.1.0.aar\\7377b89c716771af69b51e258d8f6af8\\res\\values-fr\\values-fr.xml",
                    "from": {
                        "startLines": "2,3,4,5,6,7,8,9,10,11,12,13,14,15,16,17,18,19,20,21,22",
                        "startColumns": "4,4,4,4,4,4,4,4,4,4,4,4,4,4,4,4,4,4,4,4,4",
                        "startOffsets": "55,166,274,397,512,623,705,811,941,1024,1104,1190,1300,1412,1515,1626,1733,1840,1962,2061,2147",
                        "endColumns": "110,107,122,114,110,81,105,129,82,79,85,109,111,102,110,106,106,121,98,85,100",
                        "endOffsets": "161,269,392,507,618,700,806,936,1019,1099,1185,1295,1407,1510,1621,1728,1835,1957,2056,2142,2243"
                    },
                    "to": {
                        "startLines": "14,15,16,17,18,19,20,21,22,23,24,25,26,27,28,29,30,31,32,59,60",
                        "startColumns": "4,4,4,4,4,4,4,4,4,4,4,4,4,4,4,4,4,4,4,4,4",
                        "startOffsets": "505,616,724,847,962,1073,1155,1261,1391,1474,1554,1640,1750,1862,1965,2076,2183,2290,2412,6135,6221",
                        "endColumns": "110,107,122,114,110,81,105,129,82,79,85,109,111,102,110,106,106,121,98,85,100",
                        "endOffsets": "611,719,842,957,1068,1150,1256,1386,1469,1549,1635,1745,1857,1960,2071,2178,2285,2407,2506,6216,6317"
                    }
                },
                {
                    "source": "C:\\Users\\SWAT SEAL\\.gradle\\caches\\transforms-1\\files-1.1\\play-services-basement-12.0.1.aar\\b951e0e2da5a9ce75a5b739a2eed04a8\\res\\values-fr\\values.xml",
                    "from": {
                        "startLines": "4",
                        "startColumns": "0",
                        "startOffsets": "247",
                        "endColumns": "223",
                        "endOffsets": "470"
                    },
                    "to": {
                        "startLines": "41",
                        "startColumns": "4",
                        "startOffsets": "3732",
                        "endColumns": "223",
                        "endOffsets": "3951"
                    }
                },
                {
                    "source": "C:\\Users\\SWAT SEAL\\.gradle\\caches\\transforms-1\\files-1.1\\play-services-base-12.0.1.aar\\89b0f101fe1aa70c87fb7f0eed52e00d\\res\\values-fr\\values.xml",
                    "from": {
                        "startLines": "4,5,6,7,8,9,10,11,12,13,14,15,16,17,18,19,20",
                        "startColumns": "0,0,0,0,0,0,0,0,0,0,0,0,0,0,0,0,0",
                        "startOffsets": "245,349,561,689,796,1026,1157,1304,1442,1679,1789,2005,2139,2358,2563,2662,2755",
                        "endColumns": "103,211,127,106,229,130,146,137,236,109,215,133,218,204,98,92,108",
                        "endOffsets": "348,560,688,795,1025,1156,1303,1441,1678,1788,2004,2138,2357,2562,2661,2754,2863"
                    },
                    "to": {
                        "startLines": "33,34,35,36,37,38,39,40,42,43,44,45,46,47,48,49,50",
                        "startColumns": "4,4,4,4,4,4,4,4,4,4,4,4,4,4,4,4,4",
                        "startOffsets": "2511,2619,2831,2963,3074,3304,3439,3590,3956,4193,4307,4523,4661,4880,5089,5192,5289",
                        "endColumns": "107,211,131,110,229,134,150,141,236,113,215,137,218,208,102,96,112",
                        "endOffsets": "2614,2826,2958,3069,3299,3434,3585,3727,4188,4302,4518,4656,4875,5084,5187,5284,5397"
                    }
                },
                {
                    "source": "C:\\Users\\SWAT SEAL\\.gradle\\caches\\transforms-1\\files-1.1\\tweet-composer-3.1.1.aar\\8368696e21c9044d56364f96bd5962cb\\res\\values-fr\\values-fr.xml",
                    "from": {
                        "startLines": "2,3,4",
                        "startColumns": "4,4,4",
                        "startOffsets": "55,121,173",
                        "endColumns": "65,51,48",
                        "endOffsets": "116,168,217"
                    },
                    "to": {
                        "startLines": "61,66,69",
                        "startColumns": "4,4,4",
                        "startOffsets": "6322,6642,6780",
                        "endColumns": "65,51,48",
                        "endOffsets": "6383,6689,6824"
                    }
                },
                {
                    "source": "C:\\Users\\SWAT SEAL\\.gradle\\caches\\transforms-1\\files-1.1\\twitter-core-3.1.1.aar\\3a6850a2453e06ad4d7296440af323e8\\res\\values-fr\\values-fr.xml",
                    "from": {
                        "startLines": "2",
                        "startColumns": "4",
                        "startOffsets": "55",
                        "endColumns": "71",
                        "endOffsets": "122"
                    },
                    "to": {
                        "startLines": "65",
                        "startColumns": "4",
                        "startOffsets": "6570",
                        "endColumns": "71",
                        "endOffsets": "6637"
                    }
                }
            ]
        }
    ]
}