{
    "logs": [
        {
            "outputFile": "C:\\Users\\SWAT SEAL\\AndroidStudioProjects\\AndroidLab1\\app\\build\\intermediates\\incremental\\mergeDebugResources\\merged.dir\\values-si\\values-si.xml",
            "map": [
                {
                    "source": "C:\\Users\\SWAT SEAL\\.gradle\\caches\\transforms-1\\files-1.1\\appcompat-v7-26.1.0.aar\\7377b89c716771af69b51e258d8f6af8\\res\\values-si\\values-si.xml",
                    "from": {
                        "startLines": "2,3,4,5,6,7,8,9,10,11,12,13,14,15,16,17,18,19,20,21,22",
                        "startColumns": "4,4,4,4,4,4,4,4,4,4,4,4,4,4,4,4,4,4,4,4,4",
                        "startOffsets": "55,165,273,396,503,610,698,803,919,1008,1095,1179,1288,1393,1491,1601,1700,1806,1927,2026,2108",
                        "endColumns": "109,107,122,106,106,87,104,115,88,86,83,108,104,97,109,98,105,120,98,81,100",
                        "endOffsets": "160,268,391,498,605,693,798,914,1003,1090,1174,1283,1388,1486,1596,1695,1801,1922,2021,2103,2204"
                    },
                    "to": {
                        "startLines": "2,3,4,5,6,7,8,9,10,11,12,13,14,15,16,17,18,19,20,47,48",
                        "startColumns": "4,4,4,4,4,4,4,4,4,4,4,4,4,4,4,4,4,4,4,4,4",
                        "startOffsets": "105,215,323,446,553,660,748,853,969,1058,1145,1229,1338,1443,1541,1651,1750,1856,1977,5485,5567",
                        "endColumns": "109,107,122,106,106,87,104,115,88,86,83,108,104,97,109,98,105,120,98,81,100",
                        "endOffsets": "210,318,441,548,655,743,848,964,1053,1140,1224,1333,1438,1536,1646,1745,1851,1972,2071,5562,5663"
                    }
                },
                {
                    "source": "C:\\Users\\SWAT SEAL\\.gradle\\caches\\transforms-1\\files-1.1\\firebase-messaging-12.0.1.aar\\9a578ef3c246ab54503e58b22a339597\\res\\values-si\\values.xml",
                    "from": {
                        "startLines": "4",
                        "startColumns": "0",
                        "startOffsets": "205",
                        "endColumns": "99",
                        "endOffsets": "304"
                    },
                    "to": {
                        "startLines": "39",
                        "startColumns": "4",
                        "startOffsets": "4755",
                        "endColumns": "103",
                        "endOffsets": "4854"
                    }
                },
                {
                    "source": "C:\\Users\\SWAT SEAL\\.gradle\\caches\\transforms-1\\files-1.1\\play-services-basement-12.0.1.aar\\b951e0e2da5a9ce75a5b739a2eed04a8\\res\\values-si\\values.xml",
                    "from": {
                        "startLines": "4",
                        "startColumns": "0",
                        "startOffsets": "247",
                        "endColumns": "197",
                        "endOffsets": "444"
                    },
                    "to": {
                        "startLines": "29",
                        "startColumns": "4",
                        "startOffsets": "3213",
                        "endColumns": "197",
                        "endOffsets": "3406"
                    }
                },
                {
                    "source": "C:\\Users\\SWAT SEAL\\.gradle\\caches\\transforms-1\\files-1.1\\play-services-ads-12.0.1.aar\\aedd9b74a5b8bc5d64e95c7fac68cce6\\res\\values-si\\values.xml",
                    "from": {
                        "startLines": "4,5,6,7,8,9,10",
                        "startColumns": "0,0,0,0,0,0,0",
                        "startOffsets": "199,269,387,453,528,610,719",
                        "endColumns": "69,117,65,74,81,108,77",
                        "endOffsets": "268,386,452,527,609,718,796"
                    },
                    "to": {
                        "startLines": "40,41,42,43,44,45,46",
                        "startColumns": "4,4,4,4,4,4,4",
                        "startOffsets": "4859,4933,5055,5125,5204,5290,5403",
                        "endColumns": "73,121,69,78,85,112,81",
                        "endOffsets": "4928,5050,5120,5199,5285,5398,5480"
                    }
                },
                {
                    "source": "C:\\Users\\SWAT SEAL\\.gradle\\caches\\transforms-1\\files-1.1\\play-services-base-12.0.1.aar\\89b0f101fe1aa70c87fb7f0eed52e00d\\res\\values-si\\values.xml",
                    "from": {
                        "startLines": "4,5,6,7,8,9,10,11,12,13,14,15,16,17,18,19,20",
                        "startColumns": "0,0,0,0,0,0,0,0,0,0,0,0,0,0,0,0,0",
                        "startOffsets": "245,351,537,659,770,971,1093,1235,1358,1568,1681,1868,1997,2200,2387,2486,2573",
                        "endColumns": "105,185,121,110,200,121,141,122,209,112,186,128,202,186,98,86,104",
                        "endOffsets": "350,536,658,769,970,1092,1234,1357,1567,1680,1867,1996,2199,2386,2485,2572,2677"
                    },
                    "to": {
                        "startLines": "21,22,23,24,25,26,27,28,30,31,32,33,34,35,36,37,38",
                        "startColumns": "4,4,4,4,4,4,4,4,4,4,4,4,4,4,4,4,4",
                        "startOffsets": "2076,2186,2372,2498,2613,2814,2940,3086,3411,3621,3738,3925,4058,4261,4452,4555,4646",
                        "endColumns": "109,185,125,114,200,125,145,126,209,116,186,132,202,190,102,90,108",
                        "endOffsets": "2181,2367,2493,2608,2809,2935,3081,3208,3616,3733,3920,4053,4256,4447,4550,4641,4750"
                    }
                }
            ]
        }
    ]
}