{
    "logs": [
        {
            "outputFile": "C:\\Users\\SWAT SEAL\\AndroidStudioProjects\\AndroidLab1\\app\\build\\intermediates\\incremental\\mergeDebugResources\\merged.dir\\values-en-rGB\\values-en-rGB.xml",
            "map": [
                {
                    "source": "C:\\Users\\SWAT SEAL\\.gradle\\caches\\transforms-1\\files-1.1\\firebase-messaging-12.0.1.aar\\9a578ef3c246ab54503e58b22a339597\\res\\values-en-rGB\\values.xml",
                    "from": {
                        "startLines": "4",
                        "startColumns": "0",
                        "startOffsets": "209",
                        "endColumns": "107",
                        "endOffsets": "316"
                    },
                    "to": {
                        "startLines": "51",
                        "startColumns": "4",
                        "startOffsets": "5061",
                        "endColumns": "111",
                        "endOffsets": "5168"
                    }
                },
                {
                    "source": "C:\\Users\\SWAT SEAL\\.gradle\\caches\\transforms-1\\files-1.1\\appcompat-v7-26.1.0.aar\\7377b89c716771af69b51e258d8f6af8\\res\\values-en-rGB\\values-en-rGB.xml",
                    "from": {
                        "startLines": "2,3,4,5,6,7,8,9,10,11,12,13,14,15,16,17,18,19,20,21,22",
                        "startColumns": "4,4,4,4,4,4,4,4,4,4,4,4,4,4,4,4,4,4,4,4,4",
                        "startOffsets": "55,159,267,390,490,598,682,782,897,974,1050,1132,1235,1339,1438,1543,1646,1750,1869,1969,2051",
                        "endColumns": "103,107,122,99,107,83,99,114,76,75,81,102,103,98,104,102,103,118,99,81,100",
                        "endOffsets": "154,262,385,485,593,677,777,892,969,1045,1127,1230,1334,1433,1538,1641,1745,1864,1964,2046,2147"
                    },
                    "to": {
                        "startLines": "14,15,16,17,18,19,20,21,22,23,24,25,26,27,28,29,30,31,32,59,60",
                        "startColumns": "4,4,4,4,4,4,4,4,4,4,4,4,4,4,4,4,4,4,4,4,4",
                        "startOffsets": "499,603,711,834,934,1042,1126,1226,1341,1418,1494,1576,1679,1783,1882,1987,2090,2194,2313,5736,5818",
                        "endColumns": "103,107,122,99,107,83,99,114,76,75,81,102,103,98,104,102,103,118,99,81,100",
                        "endOffsets": "598,706,829,929,1037,1121,1221,1336,1413,1489,1571,1674,1778,1877,1982,2085,2189,2308,2408,5813,5914"
                    }
                },
                {
                    "source": "C:\\Users\\SWAT SEAL\\.gradle\\caches\\transforms-1\\files-1.1\\play-services-ads-12.0.1.aar\\aedd9b74a5b8bc5d64e95c7fac68cce6\\res\\values-en-rGB\\values.xml",
                    "from": {
                        "startLines": "4,5,6,7,8,9,10",
                        "startColumns": "0,0,0,0,0,0,0",
                        "startOffsets": "203,270,371,435,500,579,673",
                        "endColumns": "66,100,63,64,78,93,64",
                        "endOffsets": "269,370,434,499,578,672,737"
                    },
                    "to": {
                        "startLines": "52,53,54,55,56,57,58",
                        "startColumns": "4,4,4,4,4,4,4",
                        "startOffsets": "5173,5244,5349,5417,5486,5569,5667",
                        "endColumns": "70,104,67,68,82,97,68",
                        "endOffsets": "5239,5344,5412,5481,5564,5662,5731"
                    }
                },
                {
                    "source": "C:\\Users\\SWAT SEAL\\.gradle\\caches\\transforms-1\\files-1.1\\play-services-basement-12.0.1.aar\\b951e0e2da5a9ce75a5b739a2eed04a8\\res\\values-en-rGB\\values.xml",
                    "from": {
                        "startLines": "4",
                        "startColumns": "0",
                        "startOffsets": "251",
                        "endColumns": "196",
                        "endOffsets": "447"
                    },
                    "to": {
                        "startLines": "41",
                        "startColumns": "4",
                        "startOffsets": "3553",
                        "endColumns": "196",
                        "endOffsets": "3745"
                    }
                },
                {
                    "source": "C:\\Users\\SWAT SEAL\\.gradle\\caches\\transforms-1\\files-1.1\\play-services-base-12.0.1.aar\\89b0f101fe1aa70c87fb7f0eed52e00d\\res\\values-en-rGB\\values.xml",
                    "from": {
                        "startLines": "4,5,6,7,8,9,10,11,12,13,14,15,16,17,18,19,20",
                        "startColumns": "0,0,0,0,0,0,0,0,0,0,0,0,0,0,0,0,0",
                        "startOffsets": "249,352,536,659,764,974,1095,1237,1365,1583,1686,1869,1992,2197,2371,2460,2548",
                        "endColumns": "102,183,122,104,209,120,141,127,217,102,182,122,204,173,88,87,103",
                        "endOffsets": "351,535,658,763,973,1094,1236,1364,1582,1685,1868,1991,2196,2370,2459,2547,2651"
                    },
                    "to": {
                        "startLines": "33,34,35,36,37,38,39,40,42,43,44,45,46,47,48,49,50",
                        "startColumns": "4,4,4,4,4,4,4,4,4,4,4,4,4,4,4,4,4",
                        "startOffsets": "2413,2520,2704,2831,2940,3150,3275,3421,3750,3968,4075,4258,4385,4590,4768,4861,4953",
                        "endColumns": "106,183,126,108,209,124,145,131,217,106,182,126,204,177,92,91,107",
                        "endOffsets": "2515,2699,2826,2935,3145,3270,3416,3548,3963,4070,4253,4380,4585,4763,4856,4948,5056"
                    }
                },
                {
                    "source": "C:\\Users\\SWAT SEAL\\.gradle\\caches\\transforms-1\\files-1.1\\twitter-core-3.1.1.aar\\3a6850a2453e06ad4d7296440af323e8\\res\\values-en-rGB\\values-en-rGB.xml",
                    "from": {
                        "startLines": "2",
                        "startColumns": "4",
                        "startOffsets": "55",
                        "endColumns": "65",
                        "endOffsets": "116"
                    },
                    "to": {
                        "startLines": "65",
                        "startColumns": "4",
                        "startOffsets": "6152",
                        "endColumns": "65",
                        "endOffsets": "6213"
                    }
                },
                {
                    "source": "C:\\Users\\SWAT SEAL\\.gradle\\caches\\transforms-1\\files-1.1\\tweet-ui-3.1.1.aar\\2c7c84cf51aa836c10091385d20372e6\\res\\values-en-rGB\\values-en-rGB.xml",
                    "from": {
                        "startLines": "2,6,10,14,15,16,17,18,19,20,21,22,23,24,25,26,27",
                        "startColumns": "4,4,4,4,4,4,4,4,4,4,4,4,4,4,4,4,4",
                        "startOffsets": "55,187,318,449,503,557,617,661,703,769,834,880,950,1067,1145,1201,1277",
                        "endLines": "5,9,13,14,15,16,17,18,19,20,21,22,23,24,25,26,27",
                        "endColumns": "14,14,14,53,53,59,43,41,65,64,45,69,116,77,55,75,55",
                        "endOffsets": "182,313,444,498,552,612,656,698,764,829,875,945,1062,1140,1196,1272,1328"
                    },
                    "to": {
                        "startLines": "2,6,10,62,63,64,67,68,70,71,72,73,74,75,76,77,78",
                        "startColumns": "4,4,4,4,4,4,4,4,4,4,4,4,4,4,4,4,4",
                        "startOffsets": "105,237,368,5984,6038,6092,6270,6314,6405,6471,6536,6582,6652,6769,6847,6903,6979",
                        "endLines": "5,9,13,62,63,64,67,68,70,71,72,73,74,75,76,77,78",
                        "endColumns": "14,14,14,53,53,59,43,41,65,64,45,69,116,77,55,75,55",
                        "endOffsets": "232,363,494,6033,6087,6147,6309,6351,6466,6531,6577,6647,6764,6842,6898,6974,7030"
                    }
                },
                {
                    "source": "C:\\Users\\SWAT SEAL\\.gradle\\caches\\transforms-1\\files-1.1\\tweet-composer-3.1.1.aar\\8368696e21c9044d56364f96bd5962cb\\res\\values-en-rGB\\values-en-rGB.xml",
                    "from": {
                        "startLines": "2,3,4",
                        "startColumns": "4,4,4",
                        "startOffsets": "55,120,172",
                        "endColumns": "64,51,48",
                        "endOffsets": "115,167,216"
                    },
                    "to": {
                        "startLines": "61,66,69",
                        "startColumns": "4,4,4",
                        "startOffsets": "5919,6218,6356",
                        "endColumns": "64,51,48",
                        "endOffsets": "5979,6265,6400"
                    }
                }
            ]
        }
    ]
}