{
    "logs": [
        {
            "outputFile": "C:\\Users\\SWAT SEAL\\AndroidStudioProjects\\AndroidLab1\\app\\build\\intermediates\\incremental\\mergeDebugResources\\merged.dir\\values-bn\\values-bn.xml",
            "map": [
                {
                    "source": "C:\\Users\\SWAT SEAL\\.gradle\\caches\\transforms-1\\files-1.1\\play-services-base-12.0.1.aar\\89b0f101fe1aa70c87fb7f0eed52e00d\\res\\values-bn\\values.xml",
                    "from": {
                        "startLines": "4,5,6,7,8,9,10,11,12,13,14,15,16,17,18,19,20",
                        "startColumns": "0,0,0,0,0,0,0,0,0,0,0,0,0,0,0,0,0",
                        "startOffsets": "245,352,543,669,778,974,1094,1232,1361,1565,1672,1859,1985,2178,2352,2438,2531",
                        "endColumns": "106,190,125,108,195,119,137,128,203,106,186,125,192,173,85,92,114",
                        "endOffsets": "351,542,668,777,973,1093,1231,1360,1564,1671,1858,1984,2177,2351,2437,2530,2645"
                    },
                    "to": {
                        "startLines": "33,34,35,36,37,38,39,40,42,43,44,45,46,47,48,49,50",
                        "startColumns": "4,4,4,4,4,4,4,4,4,4,4,4,4,4,4,4,4",
                        "startOffsets": "2532,2643,2834,2964,3077,3273,3397,3539,3883,4087,4198,4385,4515,4708,4886,4976,5073",
                        "endColumns": "110,190,129,112,195,123,141,132,203,110,186,129,192,177,89,96,118",
                        "endOffsets": "2638,2829,2959,3072,3268,3392,3534,3667,4082,4193,4380,4510,4703,4881,4971,5068,5187"
                    }
                },
                {
                    "source": "C:\\Users\\SWAT SEAL\\.gradle\\caches\\transforms-1\\files-1.1\\twitter-core-3.1.1.aar\\3a6850a2453e06ad4d7296440af323e8\\res\\values-bn\\values-bn.xml",
                    "from": {
                        "startLines": "2",
                        "startColumns": "4",
                        "startOffsets": "55",
                        "endColumns": "69",
                        "endOffsets": "120"
                    },
                    "to": {
                        "startLines": "65",
                        "startColumns": "4",
                        "startOffsets": "6359",
                        "endColumns": "69",
                        "endOffsets": "6424"
                    }
                },
                {
                    "source": "C:\\Users\\SWAT SEAL\\.gradle\\caches\\transforms-1\\files-1.1\\appcompat-v7-26.1.0.aar\\7377b89c716771af69b51e258d8f6af8\\res\\values-bn\\values-bn.xml",
                    "from": {
                        "startLines": "2,3,4,5,6,7,8,9,10,11,12,13,14,15,16,17,18,19,20,21,22",
                        "startColumns": "4,4,4,4,4,4,4,4,4,4,4,4,4,4,4,4,4,4,4,4,4",
                        "startOffsets": "55,164,272,395,507,613,707,812,941,1019,1097,1184,1294,1410,1517,1627,1733,1846,1974,2079,2169",
                        "endColumns": "108,107,122,111,105,93,104,128,77,77,86,109,115,106,109,105,112,127,104,89,100",
                        "endOffsets": "159,267,390,502,608,702,807,936,1014,1092,1179,1289,1405,1512,1622,1728,1841,1969,2074,2164,2265"
                    },
                    "to": {
                        "startLines": "14,15,16,17,18,19,20,21,22,23,24,25,26,27,28,29,30,31,32,59,60",
                        "startColumns": "4,4,4,4,4,4,4,4,4,4,4,4,4,4,4,4,4,4,4,4,4",
                        "startOffsets": "508,617,725,848,960,1066,1160,1265,1394,1472,1550,1637,1747,1863,1970,2080,2186,2299,2427,5931,6021",
                        "endColumns": "108,107,122,111,105,93,104,128,77,77,86,109,115,106,109,105,112,127,104,89,100",
                        "endOffsets": "612,720,843,955,1061,1155,1260,1389,1467,1545,1632,1742,1858,1965,2075,2181,2294,2422,2527,6016,6117"
                    }
                },
                {
                    "source": "C:\\Users\\SWAT SEAL\\.gradle\\caches\\transforms-1\\files-1.1\\tweet-ui-3.1.1.aar\\2c7c84cf51aa836c10091385d20372e6\\res\\values-bn\\values-bn.xml",
                    "from": {
                        "startLines": "2,6,10,14,15,16,17,18,19,20,21,22,23,24,25",
                        "startColumns": "4,4,4,4,4,4,4,4,4,4,4,4,4,4,4",
                        "startOffsets": "55,187,320,458,517,579,640,684,726,772,845,958,1035,1093,1169",
                        "endLines": "5,9,13,14,15,16,17,18,19,20,21,22,23,24,25",
                        "endColumns": "14,14,14,58,61,60,43,41,45,72,112,76,57,75,56",
                        "endOffsets": "182,315,453,512,574,635,679,721,767,840,953,1030,1088,1164,1221"
                    },
                    "to": {
                        "startLines": "2,6,10,62,63,64,67,68,70,71,72,73,74,75,76",
                        "startColumns": "4,4,4,4,4,4,4,4,4,4,4,4,4,4,4",
                        "startOffsets": "105,237,370,6177,6236,6298,6481,6525,6615,6661,6734,6847,6924,6982,7058",
                        "endLines": "5,9,13,62,63,64,67,68,70,71,72,73,74,75,76",
                        "endColumns": "14,14,14,58,61,60,43,41,45,72,112,76,57,75,56",
                        "endOffsets": "232,365,503,6231,6293,6354,6520,6562,6656,6729,6842,6919,6977,7053,7110"
                    }
                },
                {
                    "source": "C:\\Users\\SWAT SEAL\\.gradle\\caches\\transforms-1\\files-1.1\\play-services-ads-12.0.1.aar\\aedd9b74a5b8bc5d64e95c7fac68cce6\\res\\values-bn\\values.xml",
                    "from": {
                        "startLines": "4,5,6,7,8,9,10",
                        "startColumns": "0,0,0,0,0,0,0",
                        "startOffsets": "199,268,383,451,526,612,728",
                        "endColumns": "68,114,67,74,85,115,77",
                        "endOffsets": "267,382,450,525,611,727,805"
                    },
                    "to": {
                        "startLines": "52,53,54,55,56,57,58",
                        "startColumns": "4,4,4,4,4,4,4",
                        "startOffsets": "5296,5369,5488,5560,5639,5729,5849",
                        "endColumns": "72,118,71,78,89,119,81",
                        "endOffsets": "5364,5483,5555,5634,5724,5844,5926"
                    }
                },
                {
                    "source": "C:\\Users\\SWAT SEAL\\.gradle\\caches\\transforms-1\\files-1.1\\firebase-messaging-12.0.1.aar\\9a578ef3c246ab54503e58b22a339597\\res\\values-bn\\values.xml",
                    "from": {
                        "startLines": "4",
                        "startColumns": "0",
                        "startOffsets": "205",
                        "endColumns": "99",
                        "endOffsets": "304"
                    },
                    "to": {
                        "startLines": "51",
                        "startColumns": "4",
                        "startOffsets": "5192",
                        "endColumns": "103",
                        "endOffsets": "5291"
                    }
                },
                {
                    "source": "C:\\Users\\SWAT SEAL\\.gradle\\caches\\transforms-1\\files-1.1\\tweet-composer-3.1.1.aar\\8368696e21c9044d56364f96bd5962cb\\res\\values-bn\\values-bn.xml",
                    "from": {
                        "startLines": "2,3,4",
                        "startColumns": "4,4,4",
                        "startOffsets": "55,110,162",
                        "endColumns": "54,51,47",
                        "endOffsets": "105,157,205"
                    },
                    "to": {
                        "startLines": "61,66,69",
                        "startColumns": "4,4,4",
                        "startOffsets": "6122,6429,6567",
                        "endColumns": "54,51,47",
                        "endOffsets": "6172,6476,6610"
                    }
                },
                {
                    "source": "C:\\Users\\SWAT SEAL\\.gradle\\caches\\transforms-1\\files-1.1\\play-services-basement-12.0.1.aar\\b951e0e2da5a9ce75a5b739a2eed04a8\\res\\values-bn\\values.xml",
                    "from": {
                        "startLines": "4",
                        "startColumns": "0",
                        "startOffsets": "247",
                        "endColumns": "210",
                        "endOffsets": "457"
                    },
                    "to": {
                        "startLines": "41",
                        "startColumns": "4",
                        "startOffsets": "3672",
                        "endColumns": "210",
                        "endOffsets": "3878"
                    }
                }
            ]
        }
    ]
}