{
    "logs": [
        {
            "outputFile": "C:\\Users\\SWAT SEAL\\AndroidStudioProjects\\AndroidLab1\\app\\build\\intermediates\\incremental\\mergeDebugResources\\merged.dir\\values-km\\values-km.xml",
            "map": [
                {
                    "source": "C:\\Users\\SWAT SEAL\\.gradle\\caches\\transforms-1\\files-1.1\\appcompat-v7-26.1.0.aar\\7377b89c716771af69b51e258d8f6af8\\res\\values-km\\values-km.xml",
                    "from": {
                        "startLines": "2,3,4,5,6,7,8,9,10,11,12,13,14,15,16,17,18,19,20,21,22",
                        "startColumns": "4,4,4,4,4,4,4,4,4,4,4,4,4,4,4,4,4,4,4,4,4",
                        "startOffsets": "55,158,266,389,489,601,688,792,910,987,1064,1147,1251,1356,1456,1566,1673,1781,1904,2002,2085",
                        "endColumns": "102,107,122,99,111,86,103,117,76,76,82,103,104,99,109,106,107,122,97,82,100",
                        "endOffsets": "153,261,384,484,596,683,787,905,982,1059,1142,1246,1351,1451,1561,1668,1776,1899,1997,2080,2181"
                    },
                    "to": {
                        "startLines": "2,3,4,5,6,7,8,9,10,11,12,13,14,15,16,17,18,19,20,47,48",
                        "startColumns": "4,4,4,4,4,4,4,4,4,4,4,4,4,4,4,4,4,4,4,4,4",
                        "startOffsets": "105,208,316,439,539,651,738,842,960,1037,1114,1197,1301,1406,1506,1616,1723,1831,1954,5508,5591",
                        "endColumns": "102,107,122,99,111,86,103,117,76,76,82,103,104,99,109,106,107,122,97,82,100",
                        "endOffsets": "203,311,434,534,646,733,837,955,1032,1109,1192,1296,1401,1501,1611,1718,1826,1949,2047,5586,5687"
                    }
                },
                {
                    "source": "C:\\Users\\SWAT SEAL\\.gradle\\caches\\transforms-1\\files-1.1\\play-services-base-12.0.1.aar\\89b0f101fe1aa70c87fb7f0eed52e00d\\res\\values-km\\values.xml",
                    "from": {
                        "startLines": "4,5,6,7,8,9,10,11,12,13,14,15,16,17,18,19,20",
                        "startColumns": "0,0,0,0,0,0,0,0,0,0,0,0,0,0,0,0,0",
                        "startOffsets": "245,345,532,651,754,975,1097,1244,1378,1595,1699,1901,2024,2228,2412,2502,2586",
                        "endColumns": "99,186,118,102,220,121,146,133,216,103,201,122,203,183,89,83,101",
                        "endOffsets": "344,531,650,753,974,1096,1243,1377,1594,1698,1900,2023,2227,2411,2501,2585,2687"
                    },
                    "to": {
                        "startLines": "21,22,23,24,25,26,27,28,30,31,32,33,34,35,36,37,38",
                        "startColumns": "4,4,4,4,4,4,4,4,4,4,4,4,4,4,4,4,4",
                        "startOffsets": "2052,2156,2343,2466,2573,2794,2920,3071,3417,3634,3742,3944,4071,4275,4463,4557,4645",
                        "endColumns": "103,186,122,106,220,125,150,137,216,107,201,126,203,187,93,87,105",
                        "endOffsets": "2151,2338,2461,2568,2789,2915,3066,3204,3629,3737,3939,4066,4270,4458,4552,4640,4746"
                    }
                },
                {
                    "source": "C:\\Users\\SWAT SEAL\\.gradle\\caches\\transforms-1\\files-1.1\\play-services-ads-12.0.1.aar\\aedd9b74a5b8bc5d64e95c7fac68cce6\\res\\values-km\\values.xml",
                    "from": {
                        "startLines": "4,5,6,7,8,9,10",
                        "startColumns": "0,0,0,0,0,0,0",
                        "startOffsets": "199,271,399,464,528,621,746",
                        "endColumns": "71,127,64,63,92,124,76",
                        "endOffsets": "270,398,463,527,620,745,822"
                    },
                    "to": {
                        "startLines": "40,41,42,43,44,45,46",
                        "startColumns": "4,4,4,4,4,4,4",
                        "startOffsets": "4856,4932,5064,5133,5201,5298,5427",
                        "endColumns": "75,131,68,67,96,128,80",
                        "endOffsets": "4927,5059,5128,5196,5293,5422,5503"
                    }
                },
                {
                    "source": "C:\\Users\\SWAT SEAL\\.gradle\\caches\\transforms-1\\files-1.1\\firebase-messaging-12.0.1.aar\\9a578ef3c246ab54503e58b22a339597\\res\\values-km\\values.xml",
                    "from": {
                        "startLines": "4",
                        "startColumns": "0",
                        "startOffsets": "205",
                        "endColumns": "100",
                        "endOffsets": "305"
                    },
                    "to": {
                        "startLines": "39",
                        "startColumns": "4",
                        "startOffsets": "4751",
                        "endColumns": "104",
                        "endOffsets": "4851"
                    }
                },
                {
                    "source": "C:\\Users\\SWAT SEAL\\.gradle\\caches\\transforms-1\\files-1.1\\play-services-basement-12.0.1.aar\\b951e0e2da5a9ce75a5b739a2eed04a8\\res\\values-km\\values.xml",
                    "from": {
                        "startLines": "4",
                        "startColumns": "0",
                        "startOffsets": "247",
                        "endColumns": "207",
                        "endOffsets": "454"
                    },
                    "to": {
                        "startLines": "29",
                        "startColumns": "4",
                        "startOffsets": "3209",
                        "endColumns": "207",
                        "endOffsets": "3412"
                    }
                }
            ]
        }
    ]
}