{
    "logs": [
        {
            "outputFile": "C:\\Users\\SWAT SEAL\\AndroidStudioProjects\\AndroidLab1\\app\\build\\intermediates\\incremental\\mergeDebugResources\\merged.dir\\values-ko\\values-ko.xml",
            "map": [
                {
                    "source": "C:\\Users\\SWAT SEAL\\.gradle\\caches\\transforms-1\\files-1.1\\firebase-messaging-12.0.1.aar\\9a578ef3c246ab54503e58b22a339597\\res\\values-ko\\values.xml",
                    "from": {
                        "startLines": "4",
                        "startColumns": "0",
                        "startOffsets": "205",
                        "endColumns": "96",
                        "endOffsets": "301"
                    },
                    "to": {
                        "startLines": "51",
                        "startColumns": "4",
                        "startOffsets": "4772",
                        "endColumns": "100",
                        "endOffsets": "4868"
                    }
                },
                {
                    "source": "C:\\Users\\SWAT SEAL\\.gradle\\caches\\transforms-1\\files-1.1\\tweet-composer-3.1.1.aar\\8368696e21c9044d56364f96bd5962cb\\res\\values-ko\\values-ko.xml",
                    "from": {
                        "startLines": "2,3,4",
                        "startColumns": "4,4,4",
                        "startOffsets": "55,122,174",
                        "endColumns": "66,51,45",
                        "endOffsets": "117,169,215"
                    },
                    "to": {
                        "startLines": "61,66,69",
                        "startColumns": "4,4,4",
                        "startOffsets": "5571,5860,5996",
                        "endColumns": "66,51,45",
                        "endOffsets": "5633,5907,6037"
                    }
                },
                {
                    "source": "C:\\Users\\SWAT SEAL\\.gradle\\caches\\transforms-1\\files-1.1\\play-services-basement-12.0.1.aar\\b951e0e2da5a9ce75a5b739a2eed04a8\\res\\values-ko\\values.xml",
                    "from": {
                        "startLines": "4",
                        "startColumns": "0",
                        "startOffsets": "247",
                        "endColumns": "179",
                        "endOffsets": "426"
                    },
                    "to": {
                        "startLines": "41",
                        "startColumns": "4",
                        "startOffsets": "3389",
                        "endColumns": "179",
                        "endOffsets": "3564"
                    }
                },
                {
                    "source": "C:\\Users\\SWAT SEAL\\.gradle\\caches\\transforms-1\\files-1.1\\play-services-base-12.0.1.aar\\89b0f101fe1aa70c87fb7f0eed52e00d\\res\\values-ko\\values.xml",
                    "from": {
                        "startLines": "4,5,6,7,8,9,10,11,12,13,14,15,16,17,18,19,20",
                        "startColumns": "0,0,0,0,0,0,0,0,0,0,0,0,0,0,0,0,0",
                        "startOffsets": "245,347,518,632,732,906,1021,1154,1274,1478,1579,1746,1862,2039,2184,2269,2353",
                        "endColumns": "101,170,113,99,173,114,132,119,203,100,166,115,176,144,84,83,99",
                        "endOffsets": "346,517,631,731,905,1020,1153,1273,1477,1578,1745,1861,2038,2183,2268,2352,2452"
                    },
                    "to": {
                        "startLines": "33,34,35,36,37,38,39,40,42,43,44,45,46,47,48,49,50",
                        "startColumns": "4,4,4,4,4,4,4,4,4,4,4,4,4,4,4,4,4",
                        "startOffsets": "2336,2442,2613,2731,2835,3009,3128,3265,3569,3773,3878,4045,4165,4342,4491,4580,4668",
                        "endColumns": "105,170,117,103,173,118,136,123,203,104,166,119,176,148,88,87,103",
                        "endOffsets": "2437,2608,2726,2830,3004,3123,3260,3384,3768,3873,4040,4160,4337,4486,4575,4663,4767"
                    }
                },
                {
                    "source": "C:\\Users\\SWAT SEAL\\.gradle\\caches\\transforms-1\\files-1.1\\twitter-core-3.1.1.aar\\3a6850a2453e06ad4d7296440af323e8\\res\\values-ko\\values-ko.xml",
                    "from": {
                        "startLines": "2",
                        "startColumns": "4",
                        "startOffsets": "55",
                        "endColumns": "58",
                        "endOffsets": "109"
                    },
                    "to": {
                        "startLines": "65",
                        "startColumns": "4",
                        "startOffsets": "5801",
                        "endColumns": "58",
                        "endOffsets": "5855"
                    }
                },
                {
                    "source": "C:\\Users\\SWAT SEAL\\.gradle\\caches\\transforms-1\\files-1.1\\appcompat-v7-26.1.0.aar\\7377b89c716771af69b51e258d8f6af8\\res\\values-ko\\values-ko.xml",
                    "from": {
                        "startLines": "2,3,4,5,6,7,8,9,10,11,12,13,14,15,16,17,18,19,20,21,22",
                        "startColumns": "4,4,4,4,4,4,4,4,4,4,4,4,4,4,4,4,4,4,4,4,4",
                        "startOffsets": "55,150,258,381,475,577,659,757,863,942,1018,1098,1196,1291,1386,1486,1582,1681,1796,1890,1968",
                        "endColumns": "94,107,122,93,101,81,97,105,78,75,79,97,94,94,99,95,98,114,93,77,100",
                        "endOffsets": "145,253,376,470,572,654,752,858,937,1013,1093,1191,1286,1381,1481,1577,1676,1791,1885,1963,2064"
                    },
                    "to": {
                        "startLines": "14,15,16,17,18,19,20,21,22,23,24,25,26,27,28,29,30,31,32,59,60",
                        "startColumns": "4,4,4,4,4,4,4,4,4,4,4,4,4,4,4,4,4,4,4,4,4",
                        "startOffsets": "501,596,704,827,921,1023,1105,1203,1309,1388,1464,1544,1642,1737,1832,1932,2028,2127,2242,5392,5470",
                        "endColumns": "94,107,122,93,101,81,97,105,78,75,79,97,94,94,99,95,98,114,93,77,100",
                        "endOffsets": "591,699,822,916,1018,1100,1198,1304,1383,1459,1539,1637,1732,1827,1927,2023,2122,2237,2331,5465,5566"
                    }
                },
                {
                    "source": "C:\\Users\\SWAT SEAL\\.gradle\\caches\\transforms-1\\files-1.1\\play-services-ads-12.0.1.aar\\aedd9b74a5b8bc5d64e95c7fac68cce6\\res\\values-ko\\values.xml",
                    "from": {
                        "startLines": "4,5,6,7,8,9,10",
                        "startColumns": "0,0,0,0,0,0,0",
                        "startOffsets": "199,262,353,413,473,541,626",
                        "endColumns": "62,90,59,59,67,84,63",
                        "endOffsets": "261,352,412,472,540,625,689"
                    },
                    "to": {
                        "startLines": "52,53,54,55,56,57,58",
                        "startColumns": "4,4,4,4,4,4,4",
                        "startOffsets": "4873,4940,5035,5099,5163,5235,5324",
                        "endColumns": "66,94,63,63,71,88,67",
                        "endOffsets": "4935,5030,5094,5158,5230,5319,5387"
                    }
                },
                {
                    "source": "C:\\Users\\SWAT SEAL\\.gradle\\caches\\transforms-1\\files-1.1\\tweet-ui-3.1.1.aar\\2c7c84cf51aa836c10091385d20372e6\\res\\values-ko\\values-ko.xml",
                    "from": {
                        "startLines": "2,6,10,14,15,16,17,18,19,20,21,22,23,24,25,26,27",
                        "startColumns": "4,4,4,4,4,4,4,4,4,4,4,4,4,4,4,4,4",
                        "startOffsets": "55,189,320,451,502,557,614,658,698,765,831,874,939,1046,1119,1171,1247",
                        "endLines": "5,9,13,14,15,16,17,18,19,20,21,22,23,24,25,26,27",
                        "endColumns": "14,14,14,50,54,56,43,39,66,65,42,64,106,72,51,75,50",
                        "endOffsets": "184,315,446,497,552,609,653,693,760,826,869,934,1041,1114,1166,1242,1293"
                    },
                    "to": {
                        "startLines": "2,6,10,62,63,64,67,68,70,71,72,73,74,75,76,77,78",
                        "startColumns": "4,4,4,4,4,4,4,4,4,4,4,4,4,4,4,4,4",
                        "startOffsets": "105,239,370,5638,5689,5744,5912,5956,6042,6109,6175,6218,6283,6390,6463,6515,6591",
                        "endLines": "5,9,13,62,63,64,67,68,70,71,72,73,74,75,76,77,78",
                        "endColumns": "14,14,14,50,54,56,43,39,66,65,42,64,106,72,51,75,50",
                        "endOffsets": "234,365,496,5684,5739,5796,5951,5991,6104,6170,6213,6278,6385,6458,6510,6586,6637"
                    }
                }
            ]
        }
    ]
}