{
    "logs": [
        {
            "outputFile": "C:\\Users\\SWAT SEAL\\AndroidStudioProjects\\AndroidLab1\\app\\build\\intermediates\\incremental\\mergeDebugResources\\merged.dir\\values-th\\values-th.xml",
            "map": [
                {
                    "source": "C:\\Users\\SWAT SEAL\\.gradle\\caches\\transforms-1\\files-1.1\\tweet-ui-3.1.1.aar\\2c7c84cf51aa836c10091385d20372e6\\res\\values-th\\values-th.xml",
                    "from": {
                        "startLines": "2,6,10,14,15,16,17,18,19,20,21,22,23,24,25,26,27",
                        "startColumns": "4,4,4,4,4,4,4,4,4,4,4,4,4,4,4,4,4",
                        "startOffsets": "55,192,331,465,520,576,636,687,729,793,858,905,975,1090,1165,1221,1297",
                        "endLines": "5,9,13,14,15,16,17,18,19,20,21,22,23,24,25,26,27",
                        "endColumns": "14,14,14,54,55,59,50,41,63,64,46,69,114,74,55,75,52",
                        "endOffsets": "187,326,460,515,571,631,682,724,788,853,900,970,1085,1160,1216,1292,1345"
                    },
                    "to": {
                        "startLines": "2,6,10,62,63,64,67,68,70,71,72,73,74,75,76,77,78",
                        "startColumns": "4,4,4,4,4,4,4,4,4,4,4,4,4,4,4,4,4",
                        "startOffsets": "105,242,381,5961,6016,6072,6255,6306,6396,6460,6525,6572,6642,6757,6832,6888,6964",
                        "endLines": "5,9,13,62,63,64,67,68,70,71,72,73,74,75,76,77,78",
                        "endColumns": "14,14,14,54,55,59,50,41,63,64,46,69,114,74,55,75,52",
                        "endOffsets": "237,376,510,6011,6067,6127,6301,6343,6455,6520,6567,6637,6752,6827,6883,6959,7012"
                    }
                },
                {
                    "source": "C:\\Users\\SWAT SEAL\\.gradle\\caches\\transforms-1\\files-1.1\\play-services-base-12.0.1.aar\\89b0f101fe1aa70c87fb7f0eed52e00d\\res\\values-th\\values.xml",
                    "from": {
                        "startLines": "4,5,6,7,8,9,10,11,12,13,14,15,16,17,18,19,20",
                        "startColumns": "0,0,0,0,0,0,0,0,0,0,0,0,0,0,0,0,0",
                        "startOffsets": "245,349,528,649,754,949,1071,1216,1349,1552,1655,1833,1953,2152,2329,2419,2513",
                        "endColumns": "103,178,120,104,194,121,144,132,202,102,177,119,198,176,89,93,108",
                        "endOffsets": "348,527,648,753,948,1070,1215,1348,1551,1654,1832,1952,2151,2328,2418,2512,2621"
                    },
                    "to": {
                        "startLines": "33,34,35,36,37,38,39,40,42,43,44,45,46,47,48,49,50",
                        "startColumns": "4,4,4,4,4,4,4,4,4,4,4,4,4,4,4,4,4",
                        "startOffsets": "2429,2537,2716,2841,2950,3145,3271,3420,3745,3948,4055,4233,4357,4556,4737,4831,4929",
                        "endColumns": "107,178,124,108,194,125,148,136,202,106,177,123,198,180,93,97,112",
                        "endOffsets": "2532,2711,2836,2945,3140,3266,3415,3552,3943,4050,4228,4352,4551,4732,4826,4924,5037"
                    }
                },
                {
                    "source": "C:\\Users\\SWAT SEAL\\.gradle\\caches\\transforms-1\\files-1.1\\play-services-ads-12.0.1.aar\\aedd9b74a5b8bc5d64e95c7fac68cce6\\res\\values-th\\values.xml",
                    "from": {
                        "startLines": "4,5,6,7,8,9,10",
                        "startColumns": "0,0,0,0,0,0,0",
                        "startOffsets": "199,268,369,433,497,575,670",
                        "endColumns": "68,100,63,63,77,94,67",
                        "endOffsets": "267,368,432,496,574,669,737"
                    },
                    "to": {
                        "startLines": "52,53,54,55,56,57,58",
                        "startColumns": "4,4,4,4,4,4,4",
                        "startOffsets": "5150,5223,5328,5396,5464,5546,5645",
                        "endColumns": "72,104,67,67,81,98,71",
                        "endOffsets": "5218,5323,5391,5459,5541,5640,5712"
                    }
                },
                {
                    "source": "C:\\Users\\SWAT SEAL\\.gradle\\caches\\transforms-1\\files-1.1\\twitter-core-3.1.1.aar\\3a6850a2453e06ad4d7296440af323e8\\res\\values-th\\values-th.xml",
                    "from": {
                        "startLines": "2",
                        "startColumns": "4",
                        "startOffsets": "55",
                        "endColumns": "70",
                        "endOffsets": "121"
                    },
                    "to": {
                        "startLines": "65",
                        "startColumns": "4",
                        "startOffsets": "6132",
                        "endColumns": "70",
                        "endOffsets": "6198"
                    }
                },
                {
                    "source": "C:\\Users\\SWAT SEAL\\.gradle\\caches\\transforms-1\\files-1.1\\tweet-composer-3.1.1.aar\\8368696e21c9044d56364f96bd5962cb\\res\\values-th\\values-th.xml",
                    "from": {
                        "startLines": "2,3,4",
                        "startColumns": "4,4,4",
                        "startOffsets": "55,117,169",
                        "endColumns": "61,51,47",
                        "endOffsets": "112,164,212"
                    },
                    "to": {
                        "startLines": "61,66,69",
                        "startColumns": "4,4,4",
                        "startOffsets": "5899,6203,6348",
                        "endColumns": "61,51,47",
                        "endOffsets": "5956,6250,6391"
                    }
                },
                {
                    "source": "C:\\Users\\SWAT SEAL\\.gradle\\caches\\transforms-1\\files-1.1\\appcompat-v7-26.1.0.aar\\7377b89c716771af69b51e258d8f6af8\\res\\values-th\\values-th.xml",
                    "from": {
                        "startLines": "2,3,4,5,6,7,8,9,10,11,12,13,14,15,16,17,18,19,20,21,22",
                        "startColumns": "4,4,4,4,4,4,4,4,4,4,4,4,4,4,4,4,4,4,4,4,4",
                        "startOffsets": "55,160,268,391,489,597,686,788,898,975,1053,1134,1242,1346,1444,1552,1657,1758,1874,1969,2050",
                        "endColumns": "104,107,122,97,107,88,101,109,76,77,80,107,103,97,107,104,100,115,94,80,100",
                        "endOffsets": "155,263,386,484,592,681,783,893,970,1048,1129,1237,1341,1439,1547,1652,1753,1869,1964,2045,2146"
                    },
                    "to": {
                        "startLines": "14,15,16,17,18,19,20,21,22,23,24,25,26,27,28,29,30,31,32,59,60",
                        "startColumns": "4,4,4,4,4,4,4,4,4,4,4,4,4,4,4,4,4,4,4,4,4",
                        "startOffsets": "515,620,728,851,949,1057,1146,1248,1358,1435,1513,1594,1702,1806,1904,2012,2117,2218,2334,5717,5798",
                        "endColumns": "104,107,122,97,107,88,101,109,76,77,80,107,103,97,107,104,100,115,94,80,100",
                        "endOffsets": "615,723,846,944,1052,1141,1243,1353,1430,1508,1589,1697,1801,1899,2007,2112,2213,2329,2424,5793,5894"
                    }
                },
                {
                    "source": "C:\\Users\\SWAT SEAL\\.gradle\\caches\\transforms-1\\files-1.1\\play-services-basement-12.0.1.aar\\b951e0e2da5a9ce75a5b739a2eed04a8\\res\\values-th\\values.xml",
                    "from": {
                        "startLines": "4",
                        "startColumns": "0",
                        "startOffsets": "247",
                        "endColumns": "187",
                        "endOffsets": "434"
                    },
                    "to": {
                        "startLines": "41",
                        "startColumns": "4",
                        "startOffsets": "3557",
                        "endColumns": "187",
                        "endOffsets": "3740"
                    }
                },
                {
                    "source": "C:\\Users\\SWAT SEAL\\.gradle\\caches\\transforms-1\\files-1.1\\firebase-messaging-12.0.1.aar\\9a578ef3c246ab54503e58b22a339597\\res\\values-th\\values.xml",
                    "from": {
                        "startLines": "4",
                        "startColumns": "0",
                        "startOffsets": "205",
                        "endColumns": "103",
                        "endOffsets": "308"
                    },
                    "to": {
                        "startLines": "51",
                        "startColumns": "4",
                        "startOffsets": "5042",
                        "endColumns": "107",
                        "endOffsets": "5145"
                    }
                }
            ]
        }
    ]
}