{
    "logs": [
        {
            "outputFile": "C:\\Users\\SWAT SEAL\\AndroidStudioProjects\\AndroidLab1\\app\\build\\intermediates\\incremental\\mergeDebugResources\\merged.dir\\values-hi\\values-hi.xml",
            "map": [
                {
                    "source": "C:\\Users\\SWAT SEAL\\.gradle\\caches\\transforms-1\\files-1.1\\tweet-ui-3.1.1.aar\\2c7c84cf51aa836c10091385d20372e6\\res\\values-hi\\values-hi.xml",
                    "from": {
                        "startLines": "2,6,10,14,15,16,17,18,19,20,21,22,23,24,25,26,27",
                        "startColumns": "4,4,4,4,4,4,4,4,4,4,4,4,4,4,4,4,4",
                        "startOffsets": "55,195,334,469,528,590,657,701,744,808,873,919,991,1111,1187,1247,1323",
                        "endLines": "5,9,13,14,15,16,17,18,19,20,21,22,23,24,25,26,27",
                        "endColumns": "14,14,14,58,61,66,43,42,63,64,45,71,119,75,59,75,56",
                        "endOffsets": "190,329,464,523,585,652,696,739,803,868,914,986,1106,1182,1242,1318,1375"
                    },
                    "to": {
                        "startLines": "2,6,10,62,63,64,67,68,70,71,72,73,74,75,76,77,78",
                        "startColumns": "4,4,4,4,4,4,4,4,4,4,4,4,4,4,4,4,4",
                        "startOffsets": "105,245,384,6167,6226,6288,6478,6522,6619,6683,6748,6794,6866,6986,7062,7122,7198",
                        "endLines": "5,9,13,62,63,64,67,68,70,71,72,73,74,75,76,77,78",
                        "endColumns": "14,14,14,58,61,66,43,42,63,64,45,71,119,75,59,75,56",
                        "endOffsets": "240,379,514,6221,6283,6350,6517,6560,6678,6743,6789,6861,6981,7057,7117,7193,7250"
                    }
                },
                {
                    "source": "C:\\Users\\SWAT SEAL\\.gradle\\caches\\transforms-1\\files-1.1\\play-services-base-12.0.1.aar\\89b0f101fe1aa70c87fb7f0eed52e00d\\res\\values-hi\\values.xml",
                    "from": {
                        "startLines": "4,5,6,7,8,9,10,11,12,13,14,15,16,17,18,19,20",
                        "startColumns": "0,0,0,0,0,0,0,0,0,0,0,0,0,0,0,0,0",
                        "startOffsets": "245,351,554,679,789,999,1127,1265,1393,1612,1719,1916,2044,2252,2432,2521,2614",
                        "endColumns": "105,202,124,109,209,127,137,127,218,106,196,127,207,179,88,92,110",
                        "endOffsets": "350,553,678,788,998,1126,1264,1392,1611,1718,1915,2043,2251,2431,2520,2613,2724"
                    },
                    "to": {
                        "startLines": "33,34,35,36,37,38,39,40,42,43,44,45,46,47,48,49,50",
                        "startColumns": "4,4,4,4,4,4,4,4,4,4,4,4,4,4,4,4,4",
                        "startOffsets": "2498,2608,2811,2940,3054,3264,3396,3538,3876,4095,4206,4403,4535,4743,4927,5020,5117",
                        "endColumns": "109,202,128,113,209,131,141,131,218,110,196,131,207,183,92,96,114",
                        "endOffsets": "2603,2806,2935,3049,3259,3391,3533,3665,4090,4201,4398,4530,4738,4922,5015,5112,5227"
                    }
                },
                {
                    "source": "C:\\Users\\SWAT SEAL\\.gradle\\caches\\transforms-1\\files-1.1\\play-services-basement-12.0.1.aar\\b951e0e2da5a9ce75a5b739a2eed04a8\\res\\values-hi\\values.xml",
                    "from": {
                        "startLines": "4",
                        "startColumns": "0",
                        "startOffsets": "247",
                        "endColumns": "205",
                        "endOffsets": "452"
                    },
                    "to": {
                        "startLines": "41",
                        "startColumns": "4",
                        "startOffsets": "3670",
                        "endColumns": "205",
                        "endOffsets": "3871"
                    }
                },
                {
                    "source": "C:\\Users\\SWAT SEAL\\.gradle\\caches\\transforms-1\\files-1.1\\tweet-composer-3.1.1.aar\\8368696e21c9044d56364f96bd5962cb\\res\\values-hi\\values-hi.xml",
                    "from": {
                        "startLines": "2,3,4",
                        "startColumns": "4,4,4",
                        "startOffsets": "55,117,169",
                        "endColumns": "61,51,53",
                        "endOffsets": "112,164,218"
                    },
                    "to": {
                        "startLines": "61,66,69",
                        "startColumns": "4,4,4",
                        "startOffsets": "6105,6426,6565",
                        "endColumns": "61,51,53",
                        "endOffsets": "6162,6473,6614"
                    }
                },
                {
                    "source": "C:\\Users\\SWAT SEAL\\.gradle\\caches\\transforms-1\\files-1.1\\firebase-messaging-12.0.1.aar\\9a578ef3c246ab54503e58b22a339597\\res\\values-hi\\values.xml",
                    "from": {
                        "startLines": "4",
                        "startColumns": "0",
                        "startOffsets": "205",
                        "endColumns": "99",
                        "endOffsets": "304"
                    },
                    "to": {
                        "startLines": "51",
                        "startColumns": "4",
                        "startOffsets": "5232",
                        "endColumns": "103",
                        "endOffsets": "5331"
                    }
                },
                {
                    "source": "C:\\Users\\SWAT SEAL\\.gradle\\caches\\transforms-1\\files-1.1\\twitter-core-3.1.1.aar\\3a6850a2453e06ad4d7296440af323e8\\res\\values-hi\\values-hi.xml",
                    "from": {
                        "startLines": "2",
                        "startColumns": "4",
                        "startOffsets": "55",
                        "endColumns": "70",
                        "endOffsets": "121"
                    },
                    "to": {
                        "startLines": "65",
                        "startColumns": "4",
                        "startOffsets": "6355",
                        "endColumns": "70",
                        "endOffsets": "6421"
                    }
                },
                {
                    "source": "C:\\Users\\SWAT SEAL\\.gradle\\caches\\transforms-1\\files-1.1\\appcompat-v7-26.1.0.aar\\7377b89c716771af69b51e258d8f6af8\\res\\values-hi\\values-hi.xml",
                    "from": {
                        "startLines": "2,3,4,5,6,7,8,9,10,11,12,13,14,15,16,17,18,19,20,21,22",
                        "startColumns": "4,4,4,4,4,4,4,4,4,4,4,4,4,4,4,4,4,4,4,4,4",
                        "startOffsets": "55,172,280,403,508,615,700,802,924,1001,1079,1169,1278,1380,1478,1588,1688,1803,1928,2034,2113",
                        "endColumns": "116,107,122,104,106,84,101,121,76,77,89,108,101,97,109,99,114,124,105,78,100",
                        "endOffsets": "167,275,398,503,610,695,797,919,996,1074,1164,1273,1375,1473,1583,1683,1798,1923,2029,2108,2209"
                    },
                    "to": {
                        "startLines": "14,15,16,17,18,19,20,21,22,23,24,25,26,27,28,29,30,31,32,59,60",
                        "startColumns": "4,4,4,4,4,4,4,4,4,4,4,4,4,4,4,4,4,4,4,4,4",
                        "startOffsets": "519,636,744,867,972,1079,1164,1266,1388,1465,1543,1633,1742,1844,1942,2052,2152,2267,2392,5925,6004",
                        "endColumns": "116,107,122,104,106,84,101,121,76,77,89,108,101,97,109,99,114,124,105,78,100",
                        "endOffsets": "631,739,862,967,1074,1159,1261,1383,1460,1538,1628,1737,1839,1937,2047,2147,2262,2387,2493,5999,6100"
                    }
                },
                {
                    "source": "C:\\Users\\SWAT SEAL\\.gradle\\caches\\transforms-1\\files-1.1\\play-services-ads-12.0.1.aar\\aedd9b74a5b8bc5d64e95c7fac68cce6\\res\\values-hi\\values.xml",
                    "from": {
                        "startLines": "4,5,6,7,8,9,10",
                        "startColumns": "0,0,0,0,0,0,0",
                        "startOffsets": "199,271,374,444,515,592,686",
                        "endColumns": "71,102,69,70,76,93,73",
                        "endOffsets": "270,373,443,514,591,685,759"
                    },
                    "to": {
                        "startLines": "52,53,54,55,56,57,58",
                        "startColumns": "4,4,4,4,4,4,4",
                        "startOffsets": "5336,5412,5519,5593,5668,5749,5847",
                        "endColumns": "75,106,73,74,80,97,77",
                        "endOffsets": "5407,5514,5588,5663,5744,5842,5920"
                    }
                }
            ]
        }
    ]
}