{
    "logs": [
        {
            "outputFile": "C:\\Users\\SWAT SEAL\\AndroidStudioProjects\\AndroidLab1\\app\\build\\intermediates\\incremental\\mergeDebugResources\\merged.dir\\values-ar\\values-ar.xml",
            "map": [
                {
                    "source": "C:\\Users\\SWAT SEAL\\.gradle\\caches\\transforms-1\\files-1.1\\tweet-composer-3.1.1.aar\\8368696e21c9044d56364f96bd5962cb\\res\\values-ar\\values-ar.xml",
                    "from": {
                        "startLines": "2,3,4",
                        "startColumns": "4,4,4",
                        "startOffsets": "55,112,164",
                        "endColumns": "56,51,48",
                        "endOffsets": "107,159,208"
                    },
                    "to": {
                        "startLines": "61,66,69",
                        "startColumns": "4,4,4",
                        "startOffsets": "5872,6182,6320",
                        "endColumns": "56,51,48",
                        "endOffsets": "5924,6229,6364"
                    }
                },
                {
                    "source": "C:\\Users\\SWAT SEAL\\.gradle\\caches\\transforms-1\\files-1.1\\firebase-messaging-12.0.1.aar\\9a578ef3c246ab54503e58b22a339597\\res\\values-ar\\values.xml",
                    "from": {
                        "startLines": "4",
                        "startColumns": "0",
                        "startOffsets": "205",
                        "endColumns": "100",
                        "endOffsets": "305"
                    },
                    "to": {
                        "startLines": "51",
                        "startColumns": "4",
                        "startOffsets": "5017",
                        "endColumns": "104",
                        "endOffsets": "5117"
                    }
                },
                {
                    "source": "C:\\Users\\SWAT SEAL\\.gradle\\caches\\transforms-1\\files-1.1\\twitter-core-3.1.1.aar\\3a6850a2453e06ad4d7296440af323e8\\res\\values-ar\\values-ar.xml",
                    "from": {
                        "startLines": "2",
                        "startColumns": "4",
                        "startOffsets": "55",
                        "endColumns": "70",
                        "endOffsets": "121"
                    },
                    "to": {
                        "startLines": "65",
                        "startColumns": "4",
                        "startOffsets": "6111",
                        "endColumns": "70",
                        "endOffsets": "6177"
                    }
                },
                {
                    "source": "C:\\Users\\SWAT SEAL\\.gradle\\caches\\transforms-1\\files-1.1\\tweet-ui-3.1.1.aar\\2c7c84cf51aa836c10091385d20372e6\\res\\values-ar\\values-ar.xml",
                    "from": {
                        "startLines": "2,6,10,14,15,16,17,18,19,20,21,22,23,24,25,26,27",
                        "startColumns": "4,4,4,4,4,4,4,4,4,4,4,4,4,4,4,4,4",
                        "startOffsets": "55,189,322,455,514,572,637,680,723,787,852,905,983,1099,1177,1237,1313",
                        "endLines": "5,9,13,14,15,16,17,18,19,20,21,22,23,24,25,26,27",
                        "endColumns": "14,14,14,58,57,64,42,42,63,64,52,77,115,77,59,75,56",
                        "endOffsets": "184,317,450,509,567,632,675,718,782,847,900,978,1094,1172,1232,1308,1365"
                    },
                    "to": {
                        "startLines": "2,6,10,62,63,64,67,68,70,71,72,73,74,75,76,77,78",
                        "startColumns": "4,4,4,4,4,4,4,4,4,4,4,4,4,4,4,4,4",
                        "startOffsets": "105,239,372,5929,5988,6046,6234,6277,6369,6433,6498,6551,6629,6745,6823,6883,6959",
                        "endLines": "5,9,13,62,63,64,67,68,70,71,72,73,74,75,76,77,78",
                        "endColumns": "14,14,14,58,57,64,42,42,63,64,52,77,115,77,59,75,56",
                        "endOffsets": "234,367,500,5983,6041,6106,6272,6315,6428,6493,6546,6624,6740,6818,6878,6954,7011"
                    }
                },
                {
                    "source": "C:\\Users\\SWAT SEAL\\.gradle\\caches\\transforms-1\\files-1.1\\play-services-ads-12.0.1.aar\\aedd9b74a5b8bc5d64e95c7fac68cce6\\res\\values-ar\\values.xml",
                    "from": {
                        "startLines": "4,5,6,7,8,9,10",
                        "startColumns": "0,0,0,0,0,0,0",
                        "startOffsets": "199,266,375,437,498,571,669",
                        "endColumns": "66,108,61,60,72,97,69",
                        "endOffsets": "265,374,436,497,570,668,738"
                    },
                    "to": {
                        "startLines": "52,53,54,55,56,57,58",
                        "startColumns": "4,4,4,4,4,4,4",
                        "startOffsets": "5122,5193,5306,5372,5437,5514,5616",
                        "endColumns": "70,112,65,64,76,101,73",
                        "endOffsets": "5188,5301,5367,5432,5509,5611,5685"
                    }
                },
                {
                    "source": "C:\\Users\\SWAT SEAL\\.gradle\\caches\\transforms-1\\files-1.1\\play-services-basement-12.0.1.aar\\b951e0e2da5a9ce75a5b739a2eed04a8\\res\\values-ar\\values.xml",
                    "from": {
                        "startLines": "4",
                        "startColumns": "0",
                        "startOffsets": "247",
                        "endColumns": "188",
                        "endOffsets": "435"
                    },
                    "to": {
                        "startLines": "41",
                        "startColumns": "4",
                        "startOffsets": "3544",
                        "endColumns": "188",
                        "endOffsets": "3728"
                    }
                },
                {
                    "source": "C:\\Users\\SWAT SEAL\\.gradle\\caches\\transforms-1\\files-1.1\\appcompat-v7-26.1.0.aar\\7377b89c716771af69b51e258d8f6af8\\res\\values-ar\\values-ar.xml",
                    "from": {
                        "startLines": "2,3,4,5,6,7,8,9,10,11,12,13,14,15,16,17,18,19,20,21,22",
                        "startColumns": "4,4,4,4,4,4,4,4,4,4,4,4,4,4,4,4,4,4,4,4,4",
                        "startOffsets": "55,172,280,403,507,616,698,799,913,992,1071,1150,1255,1356,1452,1560,1663,1766,1885,1982,2063",
                        "endColumns": "116,107,122,103,108,81,100,113,78,78,78,104,100,95,107,102,102,118,96,80,100",
                        "endOffsets": "167,275,398,502,611,693,794,908,987,1066,1145,1250,1351,1447,1555,1658,1761,1880,1977,2058,2159"
                    },
                    "to": {
                        "startLines": "14,15,16,17,18,19,20,21,22,23,24,25,26,27,28,29,30,31,32,59,60",
                        "startColumns": "4,4,4,4,4,4,4,4,4,4,4,4,4,4,4,4,4,4,4,4,4",
                        "startOffsets": "505,622,730,853,957,1066,1148,1249,1363,1442,1521,1600,1705,1806,1902,2010,2113,2216,2335,5690,5771",
                        "endColumns": "116,107,122,103,108,81,100,113,78,78,78,104,100,95,107,102,102,118,96,80,100",
                        "endOffsets": "617,725,848,952,1061,1143,1244,1358,1437,1516,1595,1700,1801,1897,2005,2108,2211,2330,2427,5766,5867"
                    }
                },
                {
                    "source": "C:\\Users\\SWAT SEAL\\.gradle\\caches\\transforms-1\\files-1.1\\play-services-base-12.0.1.aar\\89b0f101fe1aa70c87fb7f0eed52e00d\\res\\values-ar\\values.xml",
                    "from": {
                        "startLines": "4,5,6,7,8,9,10,11,12,13,14,15,16,17,18,19,20",
                        "startColumns": "0,0,0,0,0,0,0,0,0,0,0,0,0,0,0,0,0",
                        "startOffsets": "245,347,523,643,746,943,1069,1206,1333,1529,1631,1812,1932,2130,2302,2392,2484",
                        "endColumns": "101,175,119,102,196,125,136,126,195,101,180,119,197,171,89,91,108",
                        "endOffsets": "346,522,642,745,942,1068,1205,1332,1528,1630,1811,1931,2129,2301,2391,2483,2592"
                    },
                    "to": {
                        "startLines": "33,34,35,36,37,38,39,40,42,43,44,45,46,47,48,49,50",
                        "startColumns": "4,4,4,4,4,4,4,4,4,4,4,4,4,4,4,4,4",
                        "startOffsets": "2432,2538,2714,2838,2945,3142,3272,3413,3733,3929,4035,4216,4340,4538,4714,4808,4904",
                        "endColumns": "105,175,123,106,196,129,140,130,195,105,180,123,197,175,93,95,112",
                        "endOffsets": "2533,2709,2833,2940,3137,3267,3408,3539,3924,4030,4211,4335,4533,4709,4803,4899,5012"
                    }
                }
            ]
        }
    ]
}