{
    "logs": [
        {
            "outputFile": "C:\\Users\\SWAT SEAL\\AndroidStudioProjects\\AndroidLab1\\app\\build\\intermediates\\incremental\\mergeDebugResources\\merged.dir\\values-ur\\values-ur.xml",
            "map": [
                {
                    "source": "C:\\Users\\SWAT SEAL\\.gradle\\caches\\transforms-1\\files-1.1\\play-services-base-12.0.1.aar\\89b0f101fe1aa70c87fb7f0eed52e00d\\res\\values-ur\\values.xml",
                    "from": {
                        "startLines": "4,5,6,7,8,9,10,11,12,13,14,15,16,17,18,19,20",
                        "startColumns": "0,0,0,0,0,0,0,0,0,0,0,0,0,0,0,0,0",
                        "startOffsets": "245,351,547,671,780,979,1104,1242,1371,1582,1690,1893,2019,2224,2419,2508,2601",
                        "endColumns": "105,195,123,108,198,124,137,128,210,107,202,125,204,194,88,92,112",
                        "endOffsets": "350,546,670,779,978,1103,1241,1370,1581,1689,1892,2018,2223,2418,2507,2600,2713"
                    },
                    "to": {
                        "startLines": "33,34,35,36,37,38,39,40,42,43,44,45,46,47,48,49,50",
                        "startColumns": "4,4,4,4,4,4,4,4,4,4,4,4,4,4,4,4,4",
                        "startOffsets": "2487,2597,2793,2921,3034,3233,3362,3504,3848,4059,4171,4374,4504,4709,4908,5001,5098",
                        "endColumns": "109,195,127,112,198,128,141,132,210,111,202,129,204,198,92,96,116",
                        "endOffsets": "2592,2788,2916,3029,3228,3357,3499,3632,4054,4166,4369,4499,4704,4903,4996,5093,5210"
                    }
                },
                {
                    "source": "C:\\Users\\SWAT SEAL\\.gradle\\caches\\transforms-1\\files-1.1\\play-services-basement-12.0.1.aar\\b951e0e2da5a9ce75a5b739a2eed04a8\\res\\values-ur\\values.xml",
                    "from": {
                        "startLines": "4",
                        "startColumns": "0",
                        "startOffsets": "247",
                        "endColumns": "210",
                        "endOffsets": "457"
                    },
                    "to": {
                        "startLines": "41",
                        "startColumns": "4",
                        "startOffsets": "3637",
                        "endColumns": "210",
                        "endOffsets": "3843"
                    }
                },
                {
                    "source": "C:\\Users\\SWAT SEAL\\.gradle\\caches\\transforms-1\\files-1.1\\play-services-ads-12.0.1.aar\\aedd9b74a5b8bc5d64e95c7fac68cce6\\res\\values-ur\\values.xml",
                    "from": {
                        "startLines": "4,5,6,7,8,9,10",
                        "startColumns": "0,0,0,0,0,0,0",
                        "startOffsets": "199,272,387,454,522,599,703",
                        "endColumns": "72,114,66,67,76,103,73",
                        "endOffsets": "271,386,453,521,598,702,776"
                    },
                    "to": {
                        "startLines": "52,53,54,55,56,57,58",
                        "startColumns": "4,4,4,4,4,4,4",
                        "startOffsets": "5321,5398,5517,5588,5660,5741,5849",
                        "endColumns": "76,118,70,71,80,107,77",
                        "endOffsets": "5393,5512,5583,5655,5736,5844,5922"
                    }
                },
                {
                    "source": "C:\\Users\\SWAT SEAL\\.gradle\\caches\\transforms-1\\files-1.1\\tweet-ui-3.1.1.aar\\2c7c84cf51aa836c10091385d20372e6\\res\\values-ur\\values-ur.xml",
                    "from": {
                        "startLines": "2,6,10,14,15,16,17,18,19,20,21,22,23,24,25,26,27",
                        "startColumns": "4,4,4,4,4,4,4,4,4,4,4,4,4,4,4,4,4",
                        "startOffsets": "55,197,332,469,527,590,655,699,743,807,872,925,997,1111,1187,1246,1322",
                        "endLines": "5,9,13,14,15,16,17,18,19,20,21,22,23,24,25,26,27",
                        "endColumns": "14,14,14,57,62,64,43,43,63,64,52,71,113,75,58,75,59",
                        "endOffsets": "192,327,464,522,585,650,694,738,802,867,920,992,1106,1182,1241,1317,1377"
                    },
                    "to": {
                        "startLines": "2,6,10,62,63,64,67,68,70,71,72,73,74,75,76,77,78",
                        "startColumns": "4,4,4,4,4,4,4,4,4,4,4,4,4,4,4,4,4",
                        "startOffsets": "105,247,382,6171,6229,6292,6476,6520,6612,6676,6741,6794,6866,6980,7056,7115,7191",
                        "endLines": "5,9,13,62,63,64,67,68,70,71,72,73,74,75,76,77,78",
                        "endColumns": "14,14,14,57,62,64,43,43,63,64,52,71,113,75,58,75,59",
                        "endOffsets": "242,377,514,6224,6287,6352,6515,6559,6671,6736,6789,6861,6975,7051,7110,7186,7246"
                    }
                },
                {
                    "source": "C:\\Users\\SWAT SEAL\\.gradle\\caches\\transforms-1\\files-1.1\\firebase-messaging-12.0.1.aar\\9a578ef3c246ab54503e58b22a339597\\res\\values-ur\\values.xml",
                    "from": {
                        "startLines": "4",
                        "startColumns": "0",
                        "startOffsets": "205",
                        "endColumns": "101",
                        "endOffsets": "306"
                    },
                    "to": {
                        "startLines": "51",
                        "startColumns": "4",
                        "startOffsets": "5215",
                        "endColumns": "105",
                        "endOffsets": "5316"
                    }
                },
                {
                    "source": "C:\\Users\\SWAT SEAL\\.gradle\\caches\\transforms-1\\files-1.1\\twitter-core-3.1.1.aar\\3a6850a2453e06ad4d7296440af323e8\\res\\values-ur\\values-ur.xml",
                    "from": {
                        "startLines": "2",
                        "startColumns": "4",
                        "startOffsets": "55",
                        "endColumns": "66",
                        "endOffsets": "117"
                    },
                    "to": {
                        "startLines": "65",
                        "startColumns": "4",
                        "startOffsets": "6357",
                        "endColumns": "66",
                        "endOffsets": "6419"
                    }
                },
                {
                    "source": "C:\\Users\\SWAT SEAL\\.gradle\\caches\\transforms-1\\files-1.1\\appcompat-v7-26.1.0.aar\\7377b89c716771af69b51e258d8f6af8\\res\\values-ur\\values-ur.xml",
                    "from": {
                        "startLines": "2,3,4,5,6,7,8,9,10,11,12,13,14,15,16,17,18,19,20,21,22",
                        "startColumns": "4,4,4,4,4,4,4,4,4,4,4,4,4,4,4,4,4,4,4,4,4",
                        "startOffsets": "55,165,273,396,502,611,697,801,921,997,1073,1158,1266,1375,1477,1588,1688,1796,1925,2023,2103",
                        "endColumns": "109,107,122,105,108,85,103,119,75,75,84,107,108,101,110,99,107,128,97,79,102",
                        "endOffsets": "160,268,391,497,606,692,796,916,992,1068,1153,1261,1370,1472,1583,1683,1791,1920,2018,2098,2201"
                    },
                    "to": {
                        "startLines": "14,15,16,17,18,19,20,21,22,23,24,25,26,27,28,29,30,31,32,59,60",
                        "startColumns": "4,4,4,4,4,4,4,4,4,4,4,4,4,4,4,4,4,4,4,4,4",
                        "startOffsets": "519,629,737,860,966,1075,1161,1265,1385,1461,1537,1622,1730,1839,1941,2052,2152,2260,2389,5927,6007",
                        "endColumns": "109,107,122,105,108,85,103,119,75,75,84,107,108,101,110,99,107,128,97,79,102",
                        "endOffsets": "624,732,855,961,1070,1156,1260,1380,1456,1532,1617,1725,1834,1936,2047,2147,2255,2384,2482,6002,6105"
                    }
                },
                {
                    "source": "C:\\Users\\SWAT SEAL\\.gradle\\caches\\transforms-1\\files-1.1\\tweet-composer-3.1.1.aar\\8368696e21c9044d56364f96bd5962cb\\res\\values-ur\\values-ur.xml",
                    "from": {
                        "startLines": "2,3,4",
                        "startColumns": "4,4,4",
                        "startOffsets": "55,116,168",
                        "endColumns": "60,51,47",
                        "endOffsets": "111,163,211"
                    },
                    "to": {
                        "startLines": "61,66,69",
                        "startColumns": "4,4,4",
                        "startOffsets": "6110,6424,6564",
                        "endColumns": "60,51,47",
                        "endOffsets": "6166,6471,6607"
                    }
                }
            ]
        }
    ]
}