{
    "logs": [
        {
            "outputFile": "C:\\Users\\SWAT SEAL\\AndroidStudioProjects\\AndroidLab1\\app\\build\\intermediates\\incremental\\mergeDebugResources\\merged.dir\\values-b+sr+Latn\\values-b+sr+Latn.xml",
            "map": [
                {
                    "source": "C:\\Users\\SWAT SEAL\\.gradle\\caches\\transforms-1\\files-1.1\\play-services-basement-12.0.1.aar\\b951e0e2da5a9ce75a5b739a2eed04a8\\res\\values-b+sr+Latn\\values.xml",
                    "from": {
                        "startLines": "4",
                        "startColumns": "0",
                        "startOffsets": "254",
                        "endColumns": "188",
                        "endOffsets": "442"
                    },
                    "to": {
                        "startLines": "29",
                        "startColumns": "4",
                        "startOffsets": "3219",
                        "endColumns": "188",
                        "endOffsets": "3403"
                    }
                },
                {
                    "source": "C:\\Users\\SWAT SEAL\\.gradle\\caches\\transforms-1\\files-1.1\\play-services-ads-12.0.1.aar\\aedd9b74a5b8bc5d64e95c7fac68cce6\\res\\values-b+sr+Latn\\values.xml",
                    "from": {
                        "startLines": "4,5,6,7,8,9,10",
                        "startColumns": "0,0,0,0,0,0,0",
                        "startOffsets": "206,276,396,462,525,614,732",
                        "endColumns": "69,119,65,62,88,117,69",
                        "endOffsets": "275,395,461,524,613,731,801"
                    },
                    "to": {
                        "startLines": "40,41,42,43,44,45,46",
                        "startColumns": "4,4,4,4,4,4,4",
                        "startOffsets": "4831,4905,5029,5099,5166,5259,5381",
                        "endColumns": "73,123,69,66,92,121,73",
                        "endOffsets": "4900,5024,5094,5161,5254,5376,5450"
                    }
                },
                {
                    "source": "C:\\Users\\SWAT SEAL\\.gradle\\caches\\transforms-1\\files-1.1\\appcompat-v7-26.1.0.aar\\7377b89c716771af69b51e258d8f6af8\\res\\values-b+sr+Latn\\values-b+sr+Latn.xml",
                    "from": {
                        "startLines": "2,3,4,5,6,7,8,9,10,11,12,13,14,15,16,17,18,19,20,21,22",
                        "startColumns": "4,4,4,4,4,4,4,4,4,4,4,4,4,4,4,4,4,4,4,4,4",
                        "startOffsets": "55,164,272,395,499,605,691,795,913,995,1076,1164,1270,1378,1479,1584,1692,1793,1921,2018,2102",
                        "endColumns": "108,107,122,103,105,85,103,117,81,80,87,105,107,100,104,107,100,127,96,83,100",
                        "endOffsets": "159,267,390,494,600,686,790,908,990,1071,1159,1265,1373,1474,1579,1687,1788,1916,2013,2097,2198"
                    },
                    "to": {
                        "startLines": "2,3,4,5,6,7,8,9,10,11,12,13,14,15,16,17,18,19,20,47,48",
                        "startColumns": "4,4,4,4,4,4,4,4,4,4,4,4,4,4,4,4,4,4,4,4,4",
                        "startOffsets": "105,214,322,445,549,655,741,845,963,1045,1126,1214,1320,1428,1529,1634,1742,1843,1971,5455,5539",
                        "endColumns": "108,107,122,103,105,85,103,117,81,80,87,105,107,100,104,107,100,127,96,83,100",
                        "endOffsets": "209,317,440,544,650,736,840,958,1040,1121,1209,1315,1423,1524,1629,1737,1838,1966,2063,5534,5635"
                    }
                },
                {
                    "source": "C:\\Users\\SWAT SEAL\\.gradle\\caches\\transforms-1\\files-1.1\\play-services-base-12.0.1.aar\\89b0f101fe1aa70c87fb7f0eed52e00d\\res\\values-b+sr+Latn\\values.xml",
                    "from": {
                        "startLines": "4,5,6,7,8,9,10,11,12,13,14,15,16,17,18,19,20",
                        "startColumns": "0,0,0,0,0,0,0,0,0,0,0,0,0,0,0,0,0",
                        "startOffsets": "252,356,544,668,776,989,1114,1252,1379,1587,1692,1883,2008,2216,2384,2478,2569",
                        "endColumns": "103,187,123,107,212,124,137,126,207,104,190,124,207,167,93,90,104",
                        "endOffsets": "355,543,667,775,988,1113,1251,1378,1586,1691,1882,2007,2215,2383,2477,2568,2673"
                    },
                    "to": {
                        "startLines": "21,22,23,24,25,26,27,28,30,31,32,33,34,35,36,37,38",
                        "startColumns": "4,4,4,4,4,4,4,4,4,4,4,4,4,4,4,4,4",
                        "startOffsets": "2068,2176,2364,2492,2604,2817,2946,3088,3408,3616,3725,3916,4045,4253,4425,4523,4618",
                        "endColumns": "107,187,127,111,212,128,141,130,207,108,190,128,207,171,97,94,108",
                        "endOffsets": "2171,2359,2487,2599,2812,2941,3083,3214,3611,3720,3911,4040,4248,4420,4518,4613,4722"
                    }
                },
                {
                    "source": "C:\\Users\\SWAT SEAL\\.gradle\\caches\\transforms-1\\files-1.1\\firebase-messaging-12.0.1.aar\\9a578ef3c246ab54503e58b22a339597\\res\\values-b+sr+Latn\\values.xml",
                    "from": {
                        "startLines": "4",
                        "startColumns": "0",
                        "startOffsets": "212",
                        "endColumns": "99",
                        "endOffsets": "311"
                    },
                    "to": {
                        "startLines": "39",
                        "startColumns": "4",
                        "startOffsets": "4727",
                        "endColumns": "103",
                        "endOffsets": "4826"
                    }
                }
            ]
        }
    ]
}