{
    "logs": [
        {
            "outputFile": "C:\\Users\\SWAT SEAL\\AndroidStudioProjects\\AndroidLab1\\app\\build\\intermediates\\incremental\\mergeDebugResources\\merged.dir\\values-es-rUS\\values-es-rUS.xml",
            "map": [
                {
                    "source": "C:\\Users\\SWAT SEAL\\.gradle\\caches\\transforms-1\\files-1.1\\play-services-basement-12.0.1.aar\\b951e0e2da5a9ce75a5b739a2eed04a8\\res\\values-es-rUS\\values.xml",
                    "from": {
                        "startLines": "4",
                        "startColumns": "0",
                        "startOffsets": "251",
                        "endColumns": "204",
                        "endOffsets": "455"
                    },
                    "to": {
                        "startLines": "29",
                        "startColumns": "4",
                        "startOffsets": "3281",
                        "endColumns": "204",
                        "endOffsets": "3481"
                    }
                },
                {
                    "source": "C:\\Users\\SWAT SEAL\\.gradle\\caches\\transforms-1\\files-1.1\\play-services-base-12.0.1.aar\\89b0f101fe1aa70c87fb7f0eed52e00d\\res\\values-es-rUS\\values.xml",
                    "from": {
                        "startLines": "4,5,6,7,8,9,10,11,12,13,14,15,16,17,18,19,20",
                        "startColumns": "0,0,0,0,0,0,0,0,0,0,0,0,0,0,0,0,0",
                        "startOffsets": "249,355,553,683,789,1009,1138,1287,1418,1648,1755,1956,2087,2323,2527,2623,2711",
                        "endColumns": "105,197,129,105,219,128,148,130,229,106,200,130,235,203,95,87,102",
                        "endOffsets": "354,552,682,788,1008,1137,1286,1417,1647,1754,1955,2086,2322,2526,2622,2710,2813"
                    },
                    "to": {
                        "startLines": "21,22,23,24,25,26,27,28,30,31,32,33,34,35,36,37,38",
                        "startColumns": "4,4,4,4,4,4,4,4,4,4,4,4,4,4,4,4,4",
                        "startOffsets": "2088,2198,2396,2530,2640,2860,2993,3146,3486,3716,3827,4028,4163,4399,4607,4707,4799",
                        "endColumns": "109,197,133,109,219,132,152,134,229,110,200,134,235,207,99,91,106",
                        "endOffsets": "2193,2391,2525,2635,2855,2988,3141,3276,3711,3822,4023,4158,4394,4602,4702,4794,4901"
                    }
                },
                {
                    "source": "C:\\Users\\SWAT SEAL\\.gradle\\caches\\transforms-1\\files-1.1\\appcompat-v7-26.1.0.aar\\7377b89c716771af69b51e258d8f6af8\\res\\values-es-rUS\\values-es-rUS.xml",
                    "from": {
                        "startLines": "2,3,4,5,6,7,8,9,10,11,12,13,14,15,16,17,18,19,20,21,22",
                        "startColumns": "4,4,4,4,4,4,4,4,4,4,4,4,4,4,4,4,4,4,4,4,4",
                        "startOffsets": "55,175,283,406,515,623,708,809,932,1017,1099,1181,1293,1393,1494,1602,1709,1816,1938,2038,2120",
                        "endColumns": "119,107,122,108,107,84,100,122,84,81,81,111,99,100,107,106,106,121,99,81,100",
                        "endOffsets": "170,278,401,510,618,703,804,927,1012,1094,1176,1288,1388,1489,1597,1704,1811,1933,2033,2115,2216"
                    },
                    "to": {
                        "startLines": "2,3,4,5,6,7,8,9,10,11,12,13,14,15,16,17,18,19,20,47,48",
                        "startColumns": "4,4,4,4,4,4,4,4,4,4,4,4,4,4,4,4,4,4,4,4,4",
                        "startOffsets": "105,225,333,456,565,673,758,859,982,1067,1149,1231,1343,1443,1544,1652,1759,1866,1988,5657,5739",
                        "endColumns": "119,107,122,108,107,84,100,122,84,81,81,111,99,100,107,106,106,121,99,81,100",
                        "endOffsets": "220,328,451,560,668,753,854,977,1062,1144,1226,1338,1438,1539,1647,1754,1861,1983,2083,5734,5835"
                    }
                },
                {
                    "source": "C:\\Users\\SWAT SEAL\\.gradle\\caches\\transforms-1\\files-1.1\\play-services-ads-12.0.1.aar\\aedd9b74a5b8bc5d64e95c7fac68cce6\\res\\values-es-rUS\\values.xml",
                    "from": {
                        "startLines": "4,5,6,7,8,9,10",
                        "startColumns": "0,0,0,0,0,0,0",
                        "startOffsets": "203,274,408,473,539,626,746",
                        "endColumns": "70,133,64,65,86,119,74",
                        "endOffsets": "273,407,472,538,625,745,820"
                    },
                    "to": {
                        "startLines": "40,41,42,43,44,45,46",
                        "startColumns": "4,4,4,4,4,4,4",
                        "startOffsets": "5011,5086,5224,5293,5363,5454,5578",
                        "endColumns": "74,137,68,69,90,123,78",
                        "endOffsets": "5081,5219,5288,5358,5449,5573,5652"
                    }
                },
                {
                    "source": "C:\\Users\\SWAT SEAL\\.gradle\\caches\\transforms-1\\files-1.1\\firebase-messaging-12.0.1.aar\\9a578ef3c246ab54503e58b22a339597\\res\\values-es-rUS\\values.xml",
                    "from": {
                        "startLines": "4",
                        "startColumns": "0",
                        "startOffsets": "209",
                        "endColumns": "100",
                        "endOffsets": "309"
                    },
                    "to": {
                        "startLines": "39",
                        "startColumns": "4",
                        "startOffsets": "4906",
                        "endColumns": "104",
                        "endOffsets": "5006"
                    }
                }
            ]
        }
    ]
}