{
    "logs": [
        {
            "outputFile": "C:\\Users\\SWAT SEAL\\AndroidStudioProjects\\AndroidLab1\\app\\build\\intermediates\\incremental\\mergeDebugResources\\merged.dir\\values-ne\\values-ne.xml",
            "map": [
                {
                    "source": "C:\\Users\\SWAT SEAL\\.gradle\\caches\\transforms-1\\files-1.1\\play-services-base-12.0.1.aar\\89b0f101fe1aa70c87fb7f0eed52e00d\\res\\values-ne\\values.xml",
                    "from": {
                        "startLines": "4,5,6,7,8,9,10,11,12,13,14,15,16,17,18,19,20",
                        "startColumns": "0,0,0,0,0,0,0,0,0,0,0,0,0,0,0,0,0",
                        "startOffsets": "245,358,548,680,795,1025,1159,1295,1425,1664,1780,1975,2110,2317,2495,2587,2685",
                        "endColumns": "112,189,131,114,229,133,135,129,238,115,194,134,206,177,91,97,116",
                        "endOffsets": "357,547,679,794,1024,1158,1294,1424,1663,1779,1974,2109,2316,2494,2586,2684,2801"
                    },
                    "to": {
                        "startLines": "21,22,23,24,25,26,27,28,30,31,32,33,34,35,36,37,38",
                        "startColumns": "4,4,4,4,4,4,4,4,4,4,4,4,4,4,4,4,4",
                        "startOffsets": "2154,2271,2461,2597,2716,2946,3084,3224,3581,3820,3940,4135,4274,4481,4663,4759,4861",
                        "endColumns": "116,189,135,118,229,137,139,133,238,119,194,138,206,181,95,101,120",
                        "endOffsets": "2266,2456,2592,2711,2941,3079,3219,3353,3815,3935,4130,4269,4476,4658,4754,4856,4977"
                    }
                },
                {
                    "source": "C:\\Users\\SWAT SEAL\\.gradle\\caches\\transforms-1\\files-1.1\\play-services-basement-12.0.1.aar\\b951e0e2da5a9ce75a5b739a2eed04a8\\res\\values-ne\\values.xml",
                    "from": {
                        "startLines": "4",
                        "startColumns": "0",
                        "startOffsets": "247",
                        "endColumns": "222",
                        "endOffsets": "469"
                    },
                    "to": {
                        "startLines": "29",
                        "startColumns": "4",
                        "startOffsets": "3358",
                        "endColumns": "222",
                        "endOffsets": "3576"
                    }
                },
                {
                    "source": "C:\\Users\\SWAT SEAL\\.gradle\\caches\\transforms-1\\files-1.1\\firebase-messaging-12.0.1.aar\\9a578ef3c246ab54503e58b22a339597\\res\\values-ne\\values.xml",
                    "from": {
                        "startLines": "4",
                        "startColumns": "0",
                        "startOffsets": "205",
                        "endColumns": "99",
                        "endOffsets": "304"
                    },
                    "to": {
                        "startLines": "39",
                        "startColumns": "4",
                        "startOffsets": "4982",
                        "endColumns": "103",
                        "endOffsets": "5081"
                    }
                },
                {
                    "source": "C:\\Users\\SWAT SEAL\\.gradle\\caches\\transforms-1\\files-1.1\\appcompat-v7-26.1.0.aar\\7377b89c716771af69b51e258d8f6af8\\res\\values-ne\\values-ne.xml",
                    "from": {
                        "startLines": "2,3,4,5,6,7,8,9,10,11,12,13,14,15,16,17,18,19,20,21,22",
                        "startColumns": "4,4,4,4,4,4,4,4,4,4,4,4,4,4,4,4,4,4,4,4,4",
                        "startOffsets": "55,160,268,391,495,603,694,801,928,1022,1112,1200,1310,1426,1529,1644,1746,1861,1992,2104,2190",
                        "endColumns": "104,107,122,103,107,90,106,126,93,89,87,109,115,102,114,101,114,130,111,85,100",
                        "endOffsets": "155,263,386,490,598,689,796,923,1017,1107,1195,1305,1421,1524,1639,1741,1856,1987,2099,2185,2286"
                    },
                    "to": {
                        "startLines": "2,3,4,5,6,7,8,9,10,11,12,13,14,15,16,17,18,19,20,47,48",
                        "startColumns": "4,4,4,4,4,4,4,4,4,4,4,4,4,4,4,4,4,4,4,4,4",
                        "startOffsets": "105,210,318,441,545,653,744,851,978,1072,1162,1250,1360,1476,1579,1694,1796,1911,2042,5753,5839",
                        "endColumns": "104,107,122,103,107,90,106,126,93,89,87,109,115,102,114,101,114,130,111,85,100",
                        "endOffsets": "205,313,436,540,648,739,846,973,1067,1157,1245,1355,1471,1574,1689,1791,1906,2037,2149,5834,5935"
                    }
                },
                {
                    "source": "C:\\Users\\SWAT SEAL\\.gradle\\caches\\transforms-1\\files-1.1\\play-services-ads-12.0.1.aar\\aedd9b74a5b8bc5d64e95c7fac68cce6\\res\\values-ne\\values.xml",
                    "from": {
                        "startLines": "4,5,6,7,8,9,10",
                        "startColumns": "0,0,0,0,0,0,0",
                        "startOffsets": "199,281,402,477,553,647,764",
                        "endColumns": "81,120,74,75,93,116,73",
                        "endOffsets": "280,401,476,552,646,763,837"
                    },
                    "to": {
                        "startLines": "40,41,42,43,44,45,46",
                        "startColumns": "4,4,4,4,4,4,4",
                        "startOffsets": "5086,5172,5297,5376,5456,5554,5675",
                        "endColumns": "85,124,78,79,97,120,77",
                        "endOffsets": "5167,5292,5371,5451,5549,5670,5748"
                    }
                }
            ]
        }
    ]
}