{
    "logs": [
        {
            "outputFile": "C:\\Users\\SWAT SEAL\\AndroidStudioProjects\\AndroidLab1\\app\\build\\intermediates\\incremental\\mergeDebugResources\\merged.dir\\values-fr-rCA\\values-fr-rCA.xml",
            "map": [
                {
                    "source": "C:\\Users\\SWAT SEAL\\.gradle\\caches\\transforms-1\\files-1.1\\play-services-ads-12.0.1.aar\\aedd9b74a5b8bc5d64e95c7fac68cce6\\res\\values-fr-rCA\\values.xml",
                    "from": {
                        "startLines": "4,5,6,7,8,9,10",
                        "startColumns": "0,0,0,0,0,0,0",
                        "startOffsets": "203,280,404,470,535,626,741",
                        "endColumns": "76,123,65,64,90,114,69",
                        "endOffsets": "279,403,469,534,625,740,810"
                    },
                    "to": {
                        "startLines": "40,41,42,43,44,45,46",
                        "startColumns": "4,4,4,4,4,4,4",
                        "startOffsets": "5137,5218,5346,5416,5485,5580,5699",
                        "endColumns": "80,127,69,68,94,118,73",
                        "endOffsets": "5213,5341,5411,5480,5575,5694,5768"
                    }
                },
                {
                    "source": "C:\\Users\\SWAT SEAL\\.gradle\\caches\\transforms-1\\files-1.1\\firebase-messaging-12.0.1.aar\\9a578ef3c246ab54503e58b22a339597\\res\\values-fr-rCA\\values.xml",
                    "from": {
                        "startLines": "4",
                        "startColumns": "0",
                        "startOffsets": "209",
                        "endColumns": "100",
                        "endOffsets": "309"
                    },
                    "to": {
                        "startLines": "39",
                        "startColumns": "4",
                        "startOffsets": "5032",
                        "endColumns": "104",
                        "endOffsets": "5132"
                    }
                },
                {
                    "source": "C:\\Users\\SWAT SEAL\\.gradle\\caches\\transforms-1\\files-1.1\\appcompat-v7-26.1.0.aar\\7377b89c716771af69b51e258d8f6af8\\res\\values-fr-rCA\\values-fr-rCA.xml",
                    "from": {
                        "startLines": "2,3,4,5,6,7,8,9,10,11,12,13,14,15,16,17,18,19,20,21,22",
                        "startColumns": "4,4,4,4,4,4,4,4,4,4,4,4,4,4,4,4,4,4,4,4,4",
                        "startOffsets": "55,166,274,397,512,623,710,826,956,1039,1119,1215,1325,1437,1540,1651,1758,1860,1982,2081,2167",
                        "endColumns": "110,107,122,114,110,86,115,129,82,79,95,109,111,102,110,106,101,121,98,85,100",
                        "endOffsets": "161,269,392,507,618,705,821,951,1034,1114,1210,1320,1432,1535,1646,1753,1855,1977,2076,2162,2263"
                    },
                    "to": {
                        "startLines": "2,3,4,5,6,7,8,9,10,11,12,13,14,15,16,17,18,19,20,47,48",
                        "startColumns": "4,4,4,4,4,4,4,4,4,4,4,4,4,4,4,4,4,4,4,4,4",
                        "startOffsets": "105,216,324,447,562,673,760,876,1006,1089,1169,1265,1375,1487,1590,1701,1808,1910,2032,5773,5859",
                        "endColumns": "110,107,122,114,110,86,115,129,82,79,95,109,111,102,110,106,101,121,98,85,100",
                        "endOffsets": "211,319,442,557,668,755,871,1001,1084,1164,1260,1370,1482,1585,1696,1803,1905,2027,2126,5854,5955"
                    }
                },
                {
                    "source": "C:\\Users\\SWAT SEAL\\.gradle\\caches\\transforms-1\\files-1.1\\play-services-base-12.0.1.aar\\89b0f101fe1aa70c87fb7f0eed52e00d\\res\\values-fr-rCA\\values.xml",
                    "from": {
                        "startLines": "4,5,6,7,8,9,10,11,12,13,14,15,16,17,18,19,20",
                        "startColumns": "0,0,0,0,0,0,0,0,0,0,0,0,0,0,0,0,0",
                        "startOffsets": "249,353,565,693,800,1030,1161,1308,1446,1700,1810,2026,2160,2379,2584,2683,2773",
                        "endColumns": "103,211,127,106,229,130,146,137,253,109,215,133,218,204,98,89,108",
                        "endOffsets": "352,564,692,799,1029,1160,1307,1445,1699,1809,2025,2159,2378,2583,2682,2772,2881"
                    },
                    "to": {
                        "startLines": "21,22,23,24,25,26,27,28,30,31,32,33,34,35,36,37,38",
                        "startColumns": "4,4,4,4,4,4,4,4,4,4,4,4,4,4,4,4,4",
                        "startOffsets": "2131,2239,2451,2583,2694,2924,3059,3210,3572,3826,3940,4156,4294,4513,4722,4825,4919",
                        "endColumns": "107,211,131,110,229,134,150,141,253,113,215,137,218,208,102,93,112",
                        "endOffsets": "2234,2446,2578,2689,2919,3054,3205,3347,3821,3935,4151,4289,4508,4717,4820,4914,5027"
                    }
                },
                {
                    "source": "C:\\Users\\SWAT SEAL\\.gradle\\caches\\transforms-1\\files-1.1\\play-services-basement-12.0.1.aar\\b951e0e2da5a9ce75a5b739a2eed04a8\\res\\values-fr-rCA\\values.xml",
                    "from": {
                        "startLines": "4",
                        "startColumns": "0",
                        "startOffsets": "251",
                        "endColumns": "219",
                        "endOffsets": "470"
                    },
                    "to": {
                        "startLines": "29",
                        "startColumns": "4",
                        "startOffsets": "3352",
                        "endColumns": "219",
                        "endOffsets": "3567"
                    }
                }
            ]
        }
    ]
}