{
    "logs": [
        {
            "outputFile": "C:\\Users\\SWAT SEAL\\AndroidStudioProjects\\AndroidLab1\\app\\build\\intermediates\\incremental\\mergeDebugResources\\merged.dir\\values-af\\values-af.xml",
            "map": [
                {
                    "source": "C:\\Users\\SWAT SEAL\\.gradle\\caches\\transforms-1\\files-1.1\\play-services-base-12.0.1.aar\\89b0f101fe1aa70c87fb7f0eed52e00d\\res\\values-af\\values.xml",
                    "from": {
                        "startLines": "4,5,6,7,8,9,10,11,12,13,14,15,16,17,18,19,20",
                        "startColumns": "0,0,0,0,0,0,0,0,0,0,0,0,0,0,0,0,0",
                        "startOffsets": "245,350,538,662,770,979,1099,1246,1373,1598,1704,1892,2017,2215,2395,2487,2576",
                        "endColumns": "104,187,123,107,208,119,146,126,224,105,187,124,197,179,91,88,103",
                        "endOffsets": "349,537,661,769,978,1098,1245,1372,1597,1703,1891,2016,2214,2394,2486,2575,2679"
                    },
                    "to": {
                        "startLines": "21,22,23,24,25,26,27,28,30,31,32,33,34,35,36,37,38",
                        "startColumns": "4,4,4,4,4,4,4,4,4,4,4,4,4,4,4,4,4",
                        "startOffsets": "2020,2129,2317,2445,2557,2766,2890,3041,3374,3599,3709,3897,4026,4224,4408,4504,4597",
                        "endColumns": "108,187,127,111,208,123,150,130,224,109,187,128,197,183,95,92,107",
                        "endOffsets": "2124,2312,2440,2552,2761,2885,3036,3167,3594,3704,3892,4021,4219,4403,4499,4592,4700"
                    }
                },
                {
                    "source": "C:\\Users\\SWAT SEAL\\.gradle\\caches\\transforms-1\\files-1.1\\play-services-basement-12.0.1.aar\\b951e0e2da5a9ce75a5b739a2eed04a8\\res\\values-af\\values.xml",
                    "from": {
                        "startLines": "4",
                        "startColumns": "0",
                        "startOffsets": "247",
                        "endColumns": "201",
                        "endOffsets": "448"
                    },
                    "to": {
                        "startLines": "29",
                        "startColumns": "4",
                        "startOffsets": "3172",
                        "endColumns": "201",
                        "endOffsets": "3369"
                    }
                },
                {
                    "source": "C:\\Users\\SWAT SEAL\\.gradle\\caches\\transforms-1\\files-1.1\\play-services-ads-12.0.1.aar\\aedd9b74a5b8bc5d64e95c7fac68cce6\\res\\values-af\\values.xml",
                    "from": {
                        "startLines": "4,5,6,7,8,9,10",
                        "startColumns": "0,0,0,0,0,0,0",
                        "startOffsets": "199,267,379,444,508,590,704",
                        "endColumns": "67,111,64,63,81,113,73",
                        "endOffsets": "266,378,443,507,589,703,777"
                    },
                    "to": {
                        "startLines": "40,41,42,43,44,45,46",
                        "startColumns": "4,4,4,4,4,4,4",
                        "startOffsets": "4811,4883,4999,5068,5136,5222,5340",
                        "endColumns": "71,115,68,67,85,117,77",
                        "endOffsets": "4878,4994,5063,5131,5217,5335,5413"
                    }
                },
                {
                    "source": "C:\\Users\\SWAT SEAL\\.gradle\\caches\\transforms-1\\files-1.1\\appcompat-v7-26.1.0.aar\\7377b89c716771af69b51e258d8f6af8\\res\\values-af\\values-af.xml",
                    "from": {
                        "startLines": "2,3,4,5,6,7,8,9,10,11,12,13,14,15,16,17,18,19,20,21,22",
                        "startColumns": "4,4,4,4,4,4,4,4,4,4,4,4,4,4,4,4,4,4,4,4,4",
                        "startOffsets": "55,159,267,390,490,596,681,784,902,978,1055,1136,1243,1346,1443,1551,1653,1755,1872,1970,2050",
                        "endColumns": "103,107,122,99,105,84,102,117,75,76,80,106,102,96,107,101,101,116,97,79,100",
                        "endOffsets": "154,262,385,485,591,676,779,897,973,1050,1131,1238,1341,1438,1546,1648,1750,1867,1965,2045,2146"
                    },
                    "to": {
                        "startLines": "2,3,4,5,6,7,8,9,10,11,12,13,14,15,16,17,18,19,20,47,48",
                        "startColumns": "4,4,4,4,4,4,4,4,4,4,4,4,4,4,4,4,4,4,4,4,4",
                        "startOffsets": "105,209,317,440,540,646,731,834,952,1028,1105,1186,1293,1396,1493,1601,1703,1805,1922,5418,5498",
                        "endColumns": "103,107,122,99,105,84,102,117,75,76,80,106,102,96,107,101,101,116,97,79,100",
                        "endOffsets": "204,312,435,535,641,726,829,947,1023,1100,1181,1288,1391,1488,1596,1698,1800,1917,2015,5493,5594"
                    }
                },
                {
                    "source": "C:\\Users\\SWAT SEAL\\.gradle\\caches\\transforms-1\\files-1.1\\firebase-messaging-12.0.1.aar\\9a578ef3c246ab54503e58b22a339597\\res\\values-af\\values.xml",
                    "from": {
                        "startLines": "4",
                        "startColumns": "0",
                        "startOffsets": "205",
                        "endColumns": "101",
                        "endOffsets": "306"
                    },
                    "to": {
                        "startLines": "39",
                        "startColumns": "4",
                        "startOffsets": "4705",
                        "endColumns": "105",
                        "endOffsets": "4806"
                    }
                }
            ]
        }
    ]
}