{
    "logs": [
        {
            "outputFile": "C:\\Users\\SWAT SEAL\\AndroidStudioProjects\\AndroidLab1\\app\\build\\intermediates\\incremental\\mergeDebugResources\\merged.dir\\values-mk\\values-mk.xml",
            "map": [
                {
                    "source": "C:\\Users\\SWAT SEAL\\.gradle\\caches\\transforms-1\\files-1.1\\play-services-basement-12.0.1.aar\\b951e0e2da5a9ce75a5b739a2eed04a8\\res\\values-mk\\values.xml",
                    "from": {
                        "startLines": "4",
                        "startColumns": "0",
                        "startOffsets": "247",
                        "endColumns": "195",
                        "endOffsets": "442"
                    },
                    "to": {
                        "startLines": "27",
                        "startColumns": "4",
                        "startOffsets": "3021",
                        "endColumns": "195",
                        "endOffsets": "3212"
                    }
                },
                {
                    "source": "C:\\Users\\SWAT SEAL\\.gradle\\caches\\transforms-1\\files-1.1\\play-services-base-12.0.1.aar\\89b0f101fe1aa70c87fb7f0eed52e00d\\res\\values-mk\\values.xml",
                    "from": {
                        "startLines": "4,5,6,7,8,9,10,11,12,13,14,15,16,17,18,19,20",
                        "startColumns": "0,0,0,0,0,0,0,0,0,0,0,0,0,0,0,0,0",
                        "startOffsets": "245,350,543,674,782,986,1117,1263,1398,1614,1719,1916,2047,2259,2444,2539,2629",
                        "endColumns": "104,192,130,107,203,130,145,134,215,104,196,130,211,184,94,89,103",
                        "endOffsets": "349,542,673,781,985,1116,1262,1397,1613,1718,1915,2046,2258,2443,2538,2628,2732"
                    },
                    "to": {
                        "startLines": "19,20,21,22,23,24,25,26,28,29,30,31,32,33,34,35,36",
                        "startColumns": "4,4,4,4,4,4,4,4,4,4,4,4,4,4,4,4,4",
                        "startOffsets": "1844,1953,2146,2281,2393,2597,2732,2882,3217,3433,3542,3739,3874,4086,4275,4374,4468",
                        "endColumns": "108,192,134,111,203,134,149,138,215,108,196,134,211,188,98,93,107",
                        "endOffsets": "1948,2141,2276,2388,2592,2727,2877,3016,3428,3537,3734,3869,4081,4270,4369,4463,4571"
                    }
                },
                {
                    "source": "C:\\Users\\SWAT SEAL\\.gradle\\caches\\transforms-1\\files-1.1\\play-services-ads-12.0.1.aar\\aedd9b74a5b8bc5d64e95c7fac68cce6\\res\\values-mk\\values.xml",
                    "from": {
                        "startLines": "4,5,6,7,8,9,10",
                        "startColumns": "0,0,0,0,0,0,0",
                        "startOffsets": "199,274,405,470,533,618,735",
                        "endColumns": "74,130,64,62,84,116,78",
                        "endOffsets": "273,404,469,532,617,734,813"
                    },
                    "to": {
                        "startLines": "38,39,40,41,42,43,44",
                        "startColumns": "4,4,4,4,4,4,4",
                        "startOffsets": "4680,4759,4894,4963,5030,5119,5240",
                        "endColumns": "78,134,68,66,88,120,82",
                        "endOffsets": "4754,4889,4958,5025,5114,5235,5318"
                    }
                },
                {
                    "source": "C:\\Users\\SWAT SEAL\\.gradle\\caches\\transforms-1\\files-1.1\\firebase-messaging-12.0.1.aar\\9a578ef3c246ab54503e58b22a339597\\res\\values-mk\\values.xml",
                    "from": {
                        "startLines": "4",
                        "startColumns": "0",
                        "startOffsets": "205",
                        "endColumns": "99",
                        "endOffsets": "304"
                    },
                    "to": {
                        "startLines": "37",
                        "startColumns": "4",
                        "startOffsets": "4576",
                        "endColumns": "103",
                        "endOffsets": "4675"
                    }
                },
                {
                    "source": "C:\\Users\\SWAT SEAL\\.gradle\\caches\\transforms-1\\files-1.1\\appcompat-v7-26.1.0.aar\\7377b89c716771af69b51e258d8f6af8\\res\\values-mk\\values-mk.xml",
                    "from": {
                        "startLines": "2,3,4,5,6,7,8,9,10,11,12,13,14,15,16,17,18,19,20",
                        "startColumns": "4,4,4,4,4,4,4,4,4,4,4,4,4,4,4,4,4,4,4",
                        "startOffsets": "55,163,286,390,498,584,689,808,891,973,1060,1166,1273,1374,1481,1592,1696,1794,1878",
                        "endColumns": "107,122,103,107,85,104,118,82,81,86,105,106,100,106,110,103,97,83,100",
                        "endOffsets": "158,281,385,493,579,684,803,886,968,1055,1161,1268,1369,1476,1587,1691,1789,1873,1974"
                    },
                    "to": {
                        "startLines": "2,3,4,5,6,7,8,9,10,11,12,13,14,15,16,17,18,45,46",
                        "startColumns": "4,4,4,4,4,4,4,4,4,4,4,4,4,4,4,4,4,4,4",
                        "startOffsets": "105,213,336,440,548,634,739,858,941,1023,1110,1216,1323,1424,1531,1642,1746,5323,5407",
                        "endColumns": "107,122,103,107,85,104,118,82,81,86,105,106,100,106,110,103,97,83,100",
                        "endOffsets": "208,331,435,543,629,734,853,936,1018,1105,1211,1318,1419,1526,1637,1741,1839,5402,5503"
                    }
                }
            ]
        }
    ]
}