{
    "logs": [
        {
            "outputFile": "C:\\Users\\SWAT SEAL\\AndroidStudioProjects\\AndroidLab1\\app\\build\\intermediates\\incremental\\mergeDebugResources\\merged.dir\\values-lt\\values-lt.xml",
            "map": [
                {
                    "source": "C:\\Users\\SWAT SEAL\\.gradle\\caches\\transforms-1\\files-1.1\\play-services-base-12.0.1.aar\\89b0f101fe1aa70c87fb7f0eed52e00d\\res\\values-lt\\values.xml",
                    "from": {
                        "startLines": "4,5,6,7,8,9,10,11,12,13,14,15,16,17,18,19,20",
                        "startColumns": "0,0,0,0,0,0,0,0,0,0,0,0,0,0,0,0,0",
                        "startOffsets": "245,350,534,664,769,981,1109,1254,1385,1610,1717,1913,2045,2257,2433,2527,2619",
                        "endColumns": "104,183,129,104,211,127,144,130,224,106,195,131,211,175,93,91,114",
                        "endOffsets": "349,533,663,768,980,1108,1253,1384,1609,1716,1912,2044,2256,2432,2526,2618,2733"
                    },
                    "to": {
                        "startLines": "21,22,23,24,25,26,27,28,30,31,32,33,34,35,36,37,38",
                        "startColumns": "4,4,4,4,4,4,4,4,4,4,4,4,4,4,4,4,4",
                        "startOffsets": "2107,2216,2400,2534,2643,2855,2987,3136,3489,3714,3825,4021,4157,4369,4549,4647,4743",
                        "endColumns": "108,183,133,108,211,131,148,134,224,110,195,135,211,179,97,95,118",
                        "endOffsets": "2211,2395,2529,2638,2850,2982,3131,3266,3709,3820,4016,4152,4364,4544,4642,4738,4857"
                    }
                },
                {
                    "source": "C:\\Users\\SWAT SEAL\\.gradle\\caches\\transforms-1\\files-1.1\\play-services-basement-12.0.1.aar\\b951e0e2da5a9ce75a5b739a2eed04a8\\res\\values-lt\\values.xml",
                    "from": {
                        "startLines": "4",
                        "startColumns": "0",
                        "startOffsets": "247",
                        "endColumns": "217",
                        "endOffsets": "464"
                    },
                    "to": {
                        "startLines": "29",
                        "startColumns": "4",
                        "startOffsets": "3271",
                        "endColumns": "217",
                        "endOffsets": "3484"
                    }
                },
                {
                    "source": "C:\\Users\\SWAT SEAL\\.gradle\\caches\\transforms-1\\files-1.1\\appcompat-v7-26.1.0.aar\\7377b89c716771af69b51e258d8f6af8\\res\\values-lt\\values-lt.xml",
                    "from": {
                        "startLines": "2,3,4,5,6,7,8,9,10,11,12,13,14,15,16,17,18,19,20,21,22",
                        "startColumns": "4,4,4,4,4,4,4,4,4,4,4,4,4,4,4,4,4,4,4,4,4",
                        "startOffsets": "55,171,279,402,503,616,703,812,933,1015,1096,1181,1290,1399,1499,1609,1713,1826,1956,2057,2140",
                        "endColumns": "115,107,122,100,112,86,108,120,81,80,84,108,108,99,109,103,112,129,100,82,100",
                        "endOffsets": "166,274,397,498,611,698,807,928,1010,1091,1176,1285,1394,1494,1604,1708,1821,1951,2052,2135,2236"
                    },
                    "to": {
                        "startLines": "2,3,4,5,6,7,8,9,10,11,12,13,14,15,16,17,18,19,20,47,48",
                        "startColumns": "4,4,4,4,4,4,4,4,4,4,4,4,4,4,4,4,4,4,4,4,4",
                        "startOffsets": "105,221,329,452,553,666,753,862,983,1065,1146,1231,1340,1449,1549,1659,1763,1876,2006,5576,5659",
                        "endColumns": "115,107,122,100,112,86,108,120,81,80,84,108,108,99,109,103,112,129,100,82,100",
                        "endOffsets": "216,324,447,548,661,748,857,978,1060,1141,1226,1335,1444,1544,1654,1758,1871,2001,2102,5654,5755"
                    }
                },
                {
                    "source": "C:\\Users\\SWAT SEAL\\.gradle\\caches\\transforms-1\\files-1.1\\firebase-messaging-12.0.1.aar\\9a578ef3c246ab54503e58b22a339597\\res\\values-lt\\values.xml",
                    "from": {
                        "startLines": "4",
                        "startColumns": "0",
                        "startOffsets": "205",
                        "endColumns": "101",
                        "endOffsets": "306"
                    },
                    "to": {
                        "startLines": "39",
                        "startColumns": "4",
                        "startOffsets": "4862",
                        "endColumns": "105",
                        "endOffsets": "4963"
                    }
                },
                {
                    "source": "C:\\Users\\SWAT SEAL\\.gradle\\caches\\transforms-1\\files-1.1\\play-services-ads-12.0.1.aar\\aedd9b74a5b8bc5d64e95c7fac68cce6\\res\\values-lt\\values.xml",
                    "from": {
                        "startLines": "4,5,6,7,8,9,10",
                        "startColumns": "0,0,0,0,0,0,0",
                        "startOffsets": "199,272,385,450,515,599,701",
                        "endColumns": "72,112,64,64,83,101,77",
                        "endOffsets": "271,384,449,514,598,700,778"
                    },
                    "to": {
                        "startLines": "40,41,42,43,44,45,46",
                        "startColumns": "4,4,4,4,4,4,4",
                        "startOffsets": "4968,5045,5162,5231,5300,5388,5494",
                        "endColumns": "76,116,68,68,87,105,81",
                        "endOffsets": "5040,5157,5226,5295,5383,5489,5571"
                    }
                }
            ]
        }
    ]
}