{
    "logs": [
        {
            "outputFile": "C:\\Users\\SWAT SEAL\\AndroidStudioProjects\\AndroidLab1\\app\\build\\intermediates\\incremental\\mergeDebugResources\\merged.dir\\values-is\\values-is.xml",
            "map": [
                {
                    "source": "C:\\Users\\SWAT SEAL\\.gradle\\caches\\transforms-1\\files-1.1\\play-services-ads-12.0.1.aar\\aedd9b74a5b8bc5d64e95c7fac68cce6\\res\\values-is\\values.xml",
                    "from": {
                        "startLines": "4,5,6,7,8,9,10",
                        "startColumns": "0,0,0,0,0,0,0",
                        "startOffsets": "199,266,370,437,500,581,683",
                        "endColumns": "66,103,66,62,80,101,73",
                        "endOffsets": "265,369,436,499,580,682,756"
                    },
                    "to": {
                        "startLines": "40,41,42,43,44,45,46",
                        "startColumns": "4,4,4,4,4,4,4",
                        "startOffsets": "4773,4844,4952,5023,5090,5175,5281",
                        "endColumns": "70,107,70,66,84,105,77",
                        "endOffsets": "4839,4947,5018,5085,5170,5276,5354"
                    }
                },
                {
                    "source": "C:\\Users\\SWAT SEAL\\.gradle\\caches\\transforms-1\\files-1.1\\play-services-base-12.0.1.aar\\89b0f101fe1aa70c87fb7f0eed52e00d\\res\\values-is\\values.xml",
                    "from": {
                        "startLines": "4,5,6,7,8,9,10,11,12,13,14,15,16,17,18,19,20",
                        "startColumns": "0,0,0,0,0,0,0,0,0,0,0,0,0,0,0,0,0",
                        "startOffsets": "245,349,535,658,765,965,1088,1223,1353,1566,1670,1858,1982,2183,2363,2453,2542",
                        "endColumns": "103,185,122,106,199,122,134,129,212,103,187,123,200,179,89,88,103",
                        "endOffsets": "348,534,657,764,964,1087,1222,1352,1565,1669,1857,1981,2182,2362,2452,2541,2645"
                    },
                    "to": {
                        "startLines": "21,22,23,24,25,26,27,28,30,31,32,33,34,35,36,37,38",
                        "startColumns": "4,4,4,4,4,4,4,4,4,4,4,4,4,4,4,4,4",
                        "startOffsets": "2029,2137,2323,2450,2561,2761,2888,3027,3349,3562,3670,3858,3986,4187,4371,4465,4558",
                        "endColumns": "107,185,126,110,199,126,138,133,212,107,187,127,200,183,93,92,107",
                        "endOffsets": "2132,2318,2445,2556,2756,2883,3022,3156,3557,3665,3853,3981,4182,4366,4460,4553,4661"
                    }
                },
                {
                    "source": "C:\\Users\\SWAT SEAL\\.gradle\\caches\\transforms-1\\files-1.1\\appcompat-v7-26.1.0.aar\\7377b89c716771af69b51e258d8f6af8\\res\\values-is\\values-is.xml",
                    "from": {
                        "startLines": "2,3,4,5,6,7,8,9,10,11,12,13,14,15,16,17,18,19,20,21,22",
                        "startColumns": "4,4,4,4,4,4,4,4,4,4,4,4,4,4,4,4,4,4,4,4,4",
                        "startOffsets": "55,155,263,386,483,595,680,781,895,975,1055,1136,1246,1354,1452,1561,1660,1763,1881,1979,2060",
                        "endColumns": "99,107,122,96,111,84,100,113,79,79,80,109,107,97,108,98,102,117,97,80,100",
                        "endOffsets": "150,258,381,478,590,675,776,890,970,1050,1131,1241,1349,1447,1556,1655,1758,1876,1974,2055,2156"
                    },
                    "to": {
                        "startLines": "2,3,4,5,6,7,8,9,10,11,12,13,14,15,16,17,18,19,20,47,48",
                        "startColumns": "4,4,4,4,4,4,4,4,4,4,4,4,4,4,4,4,4,4,4,4,4",
                        "startOffsets": "105,205,313,436,533,645,730,831,945,1025,1105,1186,1296,1404,1502,1611,1710,1813,1931,5359,5440",
                        "endColumns": "99,107,122,96,111,84,100,113,79,79,80,109,107,97,108,98,102,117,97,80,100",
                        "endOffsets": "200,308,431,528,640,725,826,940,1020,1100,1181,1291,1399,1497,1606,1705,1808,1926,2024,5435,5536"
                    }
                },
                {
                    "source": "C:\\Users\\SWAT SEAL\\.gradle\\caches\\transforms-1\\files-1.1\\firebase-messaging-12.0.1.aar\\9a578ef3c246ab54503e58b22a339597\\res\\values-is\\values.xml",
                    "from": {
                        "startLines": "4",
                        "startColumns": "0",
                        "startOffsets": "205",
                        "endColumns": "102",
                        "endOffsets": "307"
                    },
                    "to": {
                        "startLines": "39",
                        "startColumns": "4",
                        "startOffsets": "4666",
                        "endColumns": "106",
                        "endOffsets": "4768"
                    }
                },
                {
                    "source": "C:\\Users\\SWAT SEAL\\.gradle\\caches\\transforms-1\\files-1.1\\play-services-basement-12.0.1.aar\\b951e0e2da5a9ce75a5b739a2eed04a8\\res\\values-is\\values.xml",
                    "from": {
                        "startLines": "4",
                        "startColumns": "0",
                        "startOffsets": "247",
                        "endColumns": "187",
                        "endOffsets": "434"
                    },
                    "to": {
                        "startLines": "29",
                        "startColumns": "4",
                        "startOffsets": "3161",
                        "endColumns": "187",
                        "endOffsets": "3344"
                    }
                }
            ]
        }
    ]
}