{
    "logs": [
        {
            "outputFile": "C:\\Users\\SWAT SEAL\\AndroidStudioProjects\\AndroidLab1\\app\\build\\intermediates\\incremental\\mergeDebugResources\\merged.dir\\values-pt-rPT\\values-pt-rPT.xml",
            "map": [
                {
                    "source": "C:\\Users\\SWAT SEAL\\.gradle\\caches\\transforms-1\\files-1.1\\play-services-basement-12.0.1.aar\\b951e0e2da5a9ce75a5b739a2eed04a8\\res\\values-pt-rPT\\values.xml",
                    "from": {
                        "startLines": "4",
                        "startColumns": "0",
                        "startOffsets": "251",
                        "endColumns": "203",
                        "endOffsets": "454"
                    },
                    "to": {
                        "startLines": "29",
                        "startColumns": "4",
                        "startOffsets": "3288",
                        "endColumns": "203",
                        "endOffsets": "3487"
                    }
                },
                {
                    "source": "C:\\Users\\SWAT SEAL\\.gradle\\caches\\transforms-1\\files-1.1\\play-services-ads-12.0.1.aar\\aedd9b74a5b8bc5d64e95c7fac68cce6\\res\\values-pt-rPT\\values.xml",
                    "from": {
                        "startLines": "4,5,6,7,8,9,10",
                        "startColumns": "0,0,0,0,0,0,0",
                        "startOffsets": "203,274,404,469,534,618,735",
                        "endColumns": "70,129,64,64,83,116,73",
                        "endOffsets": "273,403,468,533,617,734,808"
                    },
                    "to": {
                        "startLines": "40,41,42,43,44,45,46",
                        "startColumns": "4,4,4,4,4,4,4",
                        "startOffsets": "5029,5104,5238,5307,5376,5464,5585",
                        "endColumns": "74,133,68,68,87,120,77",
                        "endOffsets": "5099,5233,5302,5371,5459,5580,5658"
                    }
                },
                {
                    "source": "C:\\Users\\SWAT SEAL\\.gradle\\caches\\transforms-1\\files-1.1\\firebase-messaging-12.0.1.aar\\9a578ef3c246ab54503e58b22a339597\\res\\values-pt-rPT\\values.xml",
                    "from": {
                        "startLines": "4",
                        "startColumns": "0",
                        "startOffsets": "209",
                        "endColumns": "102",
                        "endOffsets": "311"
                    },
                    "to": {
                        "startLines": "39",
                        "startColumns": "4",
                        "startOffsets": "4922",
                        "endColumns": "106",
                        "endOffsets": "5024"
                    }
                },
                {
                    "source": "C:\\Users\\SWAT SEAL\\.gradle\\caches\\transforms-1\\files-1.1\\appcompat-v7-26.1.0.aar\\7377b89c716771af69b51e258d8f6af8\\res\\values-pt-rPT\\values-pt-rPT.xml",
                    "from": {
                        "startLines": "2,3,4,5,6,7,8,9,10,11,12,13,14,15,16,17,18,19,20,21,22",
                        "startColumns": "4,4,4,4,4,4,4,4,4,4,4,4,4,4,4,4,4,4,4,4,4",
                        "startOffsets": "55,175,283,406,512,619,708,809,933,1017,1098,1185,1292,1404,1506,1614,1721,1828,1950,2049,2134",
                        "endColumns": "119,107,122,105,106,88,100,123,83,80,86,106,111,101,107,106,106,121,98,84,100",
                        "endOffsets": "170,278,401,507,614,703,804,928,1012,1093,1180,1287,1399,1501,1609,1716,1823,1945,2044,2129,2230"
                    },
                    "to": {
                        "startLines": "2,3,4,5,6,7,8,9,10,11,12,13,14,15,16,17,18,19,20,47,48",
                        "startColumns": "4,4,4,4,4,4,4,4,4,4,4,4,4,4,4,4,4,4,4,4,4",
                        "startOffsets": "105,225,333,456,562,669,758,859,983,1067,1148,1235,1342,1454,1556,1664,1771,1878,2000,5663,5748",
                        "endColumns": "119,107,122,105,106,88,100,123,83,80,86,106,111,101,107,106,106,121,98,84,100",
                        "endOffsets": "220,328,451,557,664,753,854,978,1062,1143,1230,1337,1449,1551,1659,1766,1873,1995,2094,5743,5844"
                    }
                },
                {
                    "source": "C:\\Users\\SWAT SEAL\\.gradle\\caches\\transforms-1\\files-1.1\\play-services-base-12.0.1.aar\\89b0f101fe1aa70c87fb7f0eed52e00d\\res\\values-pt-rPT\\values.xml",
                    "from": {
                        "startLines": "4,5,6,7,8,9,10,11,12,13,14,15,16,17,18,19,20",
                        "startColumns": "0,0,0,0,0,0,0,0,0,0,0,0,0,0,0,0,0",
                        "startOffsets": "249,352,547,673,779,1006,1132,1280,1414,1661,1767,1968,2097,2315,2519,2613,2708",
                        "endColumns": "102,194,125,105,226,125,147,133,246,105,200,128,217,203,93,94,111",
                        "endOffsets": "351,546,672,778,1005,1131,1279,1413,1660,1766,1967,2096,2314,2518,2612,2707,2819"
                    },
                    "to": {
                        "startLines": "21,22,23,24,25,26,27,28,30,31,32,33,34,35,36,37,38",
                        "startColumns": "4,4,4,4,4,4,4,4,4,4,4,4,4,4,4,4,4",
                        "startOffsets": "2099,2206,2401,2531,2641,2868,2998,3150,3492,3739,3849,4050,4183,4401,4609,4707,4806",
                        "endColumns": "106,194,129,109,226,129,151,137,246,109,200,132,217,207,97,98,115",
                        "endOffsets": "2201,2396,2526,2636,2863,2993,3145,3283,3734,3844,4045,4178,4396,4604,4702,4801,4917"
                    }
                }
            ]
        }
    ]
}