{
    "logs": [
        {
            "outputFile": "C:\\Users\\SWAT SEAL\\AndroidStudioProjects\\AndroidLab1\\app\\build\\intermediates\\incremental\\mergeDebugResources\\merged.dir\\values-ml\\values-ml.xml",
            "map": [
                {
                    "source": "C:\\Users\\SWAT SEAL\\.gradle\\caches\\transforms-1\\files-1.1\\play-services-base-12.0.1.aar\\89b0f101fe1aa70c87fb7f0eed52e00d\\res\\values-ml\\values.xml",
                    "from": {
                        "startLines": "4,5,6,7,8,9,10,11,12,13,14,15,16,17,18,19,20",
                        "startColumns": "0,0,0,0,0,0,0,0,0,0,0,0,0,0,0,0,0",
                        "startOffsets": "245,362,573,710,829,1052,1175,1306,1437,1678,1792,1997,2131,2339,2526,2616,2711",
                        "endColumns": "116,210,136,118,222,122,130,130,240,113,204,133,207,186,89,94,116",
                        "endOffsets": "361,572,709,828,1051,1174,1305,1436,1677,1791,1996,2130,2338,2525,2615,2710,2827"
                    },
                    "to": {
                        "startLines": "21,22,23,24,25,26,27,28,30,31,32,33,34,35,36,37,38",
                        "startColumns": "4,4,4,4,4,4,4,4,4,4,4,4,4,4,4,4,4",
                        "startOffsets": "2122,2243,2454,2595,2718,2941,3068,3203,3557,3798,3916,4121,4259,4467,4658,4752,4851",
                        "endColumns": "120,210,140,122,222,126,134,134,240,117,204,137,207,190,93,98,120",
                        "endOffsets": "2238,2449,2590,2713,2936,3063,3198,3333,3793,3911,4116,4254,4462,4653,4747,4846,4967"
                    }
                },
                {
                    "source": "C:\\Users\\SWAT SEAL\\.gradle\\caches\\transforms-1\\files-1.1\\play-services-basement-12.0.1.aar\\b951e0e2da5a9ce75a5b739a2eed04a8\\res\\values-ml\\values.xml",
                    "from": {
                        "startLines": "4",
                        "startColumns": "0",
                        "startOffsets": "247",
                        "endColumns": "218",
                        "endOffsets": "465"
                    },
                    "to": {
                        "startLines": "29",
                        "startColumns": "4",
                        "startOffsets": "3338",
                        "endColumns": "218",
                        "endOffsets": "3552"
                    }
                },
                {
                    "source": "C:\\Users\\SWAT SEAL\\.gradle\\caches\\transforms-1\\files-1.1\\firebase-messaging-12.0.1.aar\\9a578ef3c246ab54503e58b22a339597\\res\\values-ml\\values.xml",
                    "from": {
                        "startLines": "4",
                        "startColumns": "0",
                        "startOffsets": "205",
                        "endColumns": "98",
                        "endOffsets": "303"
                    },
                    "to": {
                        "startLines": "39",
                        "startColumns": "4",
                        "startOffsets": "4972",
                        "endColumns": "102",
                        "endOffsets": "5070"
                    }
                },
                {
                    "source": "C:\\Users\\SWAT SEAL\\.gradle\\caches\\transforms-1\\files-1.1\\appcompat-v7-26.1.0.aar\\7377b89c716771af69b51e258d8f6af8\\res\\values-ml\\values-ml.xml",
                    "from": {
                        "startLines": "2,3,4,5,6,7,8,9,10,11,12,13,14,15,16,17,18,19,20,21,22",
                        "startColumns": "4,4,4,4,4,4,4,4,4,4,4,4,4,4,4,4,4,4,4,4,4",
                        "startOffsets": "55,174,282,405,523,638,731,836,968,1045,1121,1203,1314,1420,1518,1632,1732,1843,1971,2072,2154",
                        "endColumns": "118,107,122,117,114,92,104,131,76,75,81,110,105,97,113,99,110,127,100,81,100",
                        "endOffsets": "169,277,400,518,633,726,831,963,1040,1116,1198,1309,1415,1513,1627,1727,1838,1966,2067,2149,2250"
                    },
                    "to": {
                        "startLines": "2,3,4,5,6,7,8,9,10,11,12,13,14,15,16,17,18,19,20,47,48",
                        "startColumns": "4,4,4,4,4,4,4,4,4,4,4,4,4,4,4,4,4,4,4,4,4",
                        "startOffsets": "105,224,332,455,573,688,781,886,1018,1095,1171,1253,1364,1470,1568,1682,1782,1893,2021,5700,5782",
                        "endColumns": "118,107,122,117,114,92,104,131,76,75,81,110,105,97,113,99,110,127,100,81,100",
                        "endOffsets": "219,327,450,568,683,776,881,1013,1090,1166,1248,1359,1465,1563,1677,1777,1888,2016,2117,5777,5878"
                    }
                },
                {
                    "source": "C:\\Users\\SWAT SEAL\\.gradle\\caches\\transforms-1\\files-1.1\\play-services-ads-12.0.1.aar\\aedd9b74a5b8bc5d64e95c7fac68cce6\\res\\values-ml\\values.xml",
                    "from": {
                        "startLines": "4,5,6,7,8,9,10",
                        "startColumns": "0,0,0,0,0,0,0",
                        "startOffsets": "199,275,392,462,530,613,719",
                        "endColumns": "75,116,69,67,82,105,76",
                        "endOffsets": "274,391,461,529,612,718,795"
                    },
                    "to": {
                        "startLines": "40,41,42,43,44,45,46",
                        "startColumns": "4,4,4,4,4,4,4",
                        "startOffsets": "5075,5155,5276,5350,5422,5509,5619",
                        "endColumns": "79,120,73,71,86,109,80",
                        "endOffsets": "5150,5271,5345,5417,5504,5614,5695"
                    }
                }
            ]
        }
    ]
}