{
    "logs": [
        {
            "outputFile": "C:\\Users\\SWAT SEAL\\AndroidStudioProjects\\AndroidLab1\\app\\build\\intermediates\\incremental\\mergeDebugResources\\merged.dir\\values-gl\\values-gl.xml",
            "map": [
                {
                    "source": "C:\\Users\\SWAT SEAL\\.gradle\\caches\\transforms-1\\files-1.1\\play-services-ads-12.0.1.aar\\aedd9b74a5b8bc5d64e95c7fac68cce6\\res\\values-gl\\values.xml",
                    "from": {
                        "startLines": "4,5,6,7,8,9,10",
                        "startColumns": "0,0,0,0,0,0,0",
                        "startOffsets": "199,268,393,458,524,608,725",
                        "endColumns": "68,124,64,65,83,116,71",
                        "endOffsets": "267,392,457,523,607,724,796"
                    },
                    "to": {
                        "startLines": "40,41,42,43,44,45,46",
                        "startColumns": "4,4,4,4,4,4,4",
                        "startOffsets": "4959,5032,5161,5230,5300,5388,5509",
                        "endColumns": "72,128,68,69,87,120,75",
                        "endOffsets": "5027,5156,5225,5295,5383,5504,5580"
                    }
                },
                {
                    "source": "C:\\Users\\SWAT SEAL\\.gradle\\caches\\transforms-1\\files-1.1\\firebase-messaging-12.0.1.aar\\9a578ef3c246ab54503e58b22a339597\\res\\values-gl\\values.xml",
                    "from": {
                        "startLines": "4",
                        "startColumns": "0",
                        "startOffsets": "205",
                        "endColumns": "100",
                        "endOffsets": "305"
                    },
                    "to": {
                        "startLines": "39",
                        "startColumns": "4",
                        "startOffsets": "4854",
                        "endColumns": "104",
                        "endOffsets": "4954"
                    }
                },
                {
                    "source": "C:\\Users\\SWAT SEAL\\.gradle\\caches\\transforms-1\\files-1.1\\appcompat-v7-26.1.0.aar\\7377b89c716771af69b51e258d8f6af8\\res\\values-gl\\values-gl.xml",
                    "from": {
                        "startLines": "2,3,4,5,6,7,8,9,10,11,12,13,14,15,16,17,18,19,20,21,22",
                        "startColumns": "4,4,4,4,4,4,4,4,4,4,4,4,4,4,4,4,4,4,4,4,4",
                        "startOffsets": "55,167,275,398,510,618,703,805,931,1015,1096,1178,1285,1394,1493,1601,1705,1812,1934,2034,2116",
                        "endColumns": "111,107,122,111,107,84,101,125,83,80,81,106,108,98,107,103,106,121,99,81,100",
                        "endOffsets": "162,270,393,505,613,698,800,926,1010,1091,1173,1280,1389,1488,1596,1700,1807,1929,2029,2111,2212"
                    },
                    "to": {
                        "startLines": "2,3,4,5,6,7,8,9,10,11,12,13,14,15,16,17,18,19,20,47,48",
                        "startColumns": "4,4,4,4,4,4,4,4,4,4,4,4,4,4,4,4,4,4,4,4,4",
                        "startOffsets": "105,217,325,448,560,668,753,855,981,1065,1146,1228,1335,1444,1543,1651,1755,1862,1984,5585,5667",
                        "endColumns": "111,107,122,111,107,84,101,125,83,80,81,106,108,98,107,103,106,121,99,81,100",
                        "endOffsets": "212,320,443,555,663,748,850,976,1060,1141,1223,1330,1439,1538,1646,1750,1857,1979,2079,5662,5763"
                    }
                },
                {
                    "source": "C:\\Users\\SWAT SEAL\\.gradle\\caches\\transforms-1\\files-1.1\\play-services-base-12.0.1.aar\\89b0f101fe1aa70c87fb7f0eed52e00d\\res\\values-gl\\values.xml",
                    "from": {
                        "startLines": "4,5,6,7,8,9,10,11,12,13,14,15,16,17,18,19,20",
                        "startColumns": "0,0,0,0,0,0,0,0,0,0,0,0,0,0,0,0,0",
                        "startOffsets": "245,349,544,671,777,995,1125,1270,1404,1634,1741,1941,2074,2298,2476,2569,2664",
                        "endColumns": "103,194,126,105,217,129,144,133,229,106,199,132,223,177,92,94,109",
                        "endOffsets": "348,543,670,776,994,1124,1269,1403,1633,1740,1940,2073,2297,2475,2568,2663,2773"
                    },
                    "to": {
                        "startLines": "21,22,23,24,25,26,27,28,30,31,32,33,34,35,36,37,38",
                        "startColumns": "4,4,4,4,4,4,4,4,4,4,4,4,4,4,4,4,4",
                        "startOffsets": "2084,2192,2387,2518,2628,2846,2980,3129,3460,3690,3801,4001,4138,4362,4544,4641,4740",
                        "endColumns": "107,194,130,109,217,133,148,137,229,110,199,136,223,181,96,98,113",
                        "endOffsets": "2187,2382,2513,2623,2841,2975,3124,3262,3685,3796,3996,4133,4357,4539,4636,4735,4849"
                    }
                },
                {
                    "source": "C:\\Users\\SWAT SEAL\\.gradle\\caches\\transforms-1\\files-1.1\\play-services-basement-12.0.1.aar\\b951e0e2da5a9ce75a5b739a2eed04a8\\res\\values-gl\\values.xml",
                    "from": {
                        "startLines": "4",
                        "startColumns": "0",
                        "startOffsets": "247",
                        "endColumns": "192",
                        "endOffsets": "439"
                    },
                    "to": {
                        "startLines": "29",
                        "startColumns": "4",
                        "startOffsets": "3267",
                        "endColumns": "192",
                        "endOffsets": "3455"
                    }
                }
            ]
        }
    ]
}