{
    "logs": [
        {
            "outputFile": "C:\\Users\\SWAT SEAL\\AndroidStudioProjects\\AndroidLab1\\app\\build\\intermediates\\incremental\\mergeDebugResources\\merged.dir\\values-az\\values-az.xml",
            "map": [
                {
                    "source": "C:\\Users\\SWAT SEAL\\.gradle\\caches\\transforms-1\\files-1.1\\firebase-messaging-12.0.1.aar\\9a578ef3c246ab54503e58b22a339597\\res\\values-az\\values.xml",
                    "from": {
                        "startLines": "4",
                        "startColumns": "0",
                        "startOffsets": "205",
                        "endColumns": "102",
                        "endOffsets": "307"
                    },
                    "to": {
                        "startLines": "38",
                        "startColumns": "4",
                        "startOffsets": "4680",
                        "endColumns": "106",
                        "endOffsets": "4782"
                    }
                },
                {
                    "source": "C:\\Users\\SWAT SEAL\\.gradle\\caches\\transforms-1\\files-1.1\\play-services-ads-12.0.1.aar\\aedd9b74a5b8bc5d64e95c7fac68cce6\\res\\values-az\\values.xml",
                    "from": {
                        "startLines": "4,5,6,7,8,9,10",
                        "startColumns": "0,0,0,0,0,0,0",
                        "startOffsets": "199,276,398,466,533,613,723",
                        "endColumns": "76,121,67,66,79,109,69",
                        "endOffsets": "275,397,465,532,612,722,792"
                    },
                    "to": {
                        "startLines": "39,40,41,42,43,44,45",
                        "startColumns": "4,4,4,4,4,4,4",
                        "startOffsets": "4787,4868,4994,5066,5137,5221,5335",
                        "endColumns": "80,125,71,70,83,113,73",
                        "endOffsets": "4863,4989,5061,5132,5216,5330,5404"
                    }
                },
                {
                    "source": "C:\\Users\\SWAT SEAL\\.gradle\\caches\\transforms-1\\files-1.1\\play-services-basement-12.0.1.aar\\b951e0e2da5a9ce75a5b739a2eed04a8\\res\\values-az\\values.xml",
                    "from": {
                        "startLines": "4",
                        "startColumns": "0",
                        "startOffsets": "247",
                        "endColumns": "220",
                        "endOffsets": "467"
                    },
                    "to": {
                        "startLines": "28",
                        "startColumns": "4",
                        "startOffsets": "3115",
                        "endColumns": "220",
                        "endOffsets": "3331"
                    }
                },
                {
                    "source": "C:\\Users\\SWAT SEAL\\.gradle\\caches\\transforms-1\\files-1.1\\appcompat-v7-26.1.0.aar\\7377b89c716771af69b51e258d8f6af8\\res\\values-az\\values-az.xml",
                    "from": {
                        "startLines": "2,3,4,5,6,7,8,9,10,11,12,13,14,15,16,17,18,19,20,21",
                        "startColumns": "4,4,4,4,4,4,4,4,4,4,4,4,4,4,4,4,4,4,4,4",
                        "startOffsets": "55,163,271,394,493,605,693,800,914,995,1074,1159,1266,1373,1473,1582,1686,1796,1893,1976",
                        "endColumns": "107,107,122,98,111,87,106,113,80,78,84,106,106,99,108,103,109,96,82,100",
                        "endOffsets": "158,266,389,488,600,688,795,909,990,1069,1154,1261,1368,1468,1577,1681,1791,1888,1971,2072"
                    },
                    "to": {
                        "startLines": "2,3,4,5,6,7,8,9,10,11,12,13,14,15,16,17,18,19,46,47",
                        "startColumns": "4,4,4,4,4,4,4,4,4,4,4,4,4,4,4,4,4,4,4,4",
                        "startOffsets": "105,213,321,444,543,655,743,850,964,1045,1124,1209,1316,1423,1523,1632,1736,1846,5409,5492",
                        "endColumns": "107,107,122,98,111,87,106,113,80,78,84,106,106,99,108,103,109,96,82,100",
                        "endOffsets": "208,316,439,538,650,738,845,959,1040,1119,1204,1311,1418,1518,1627,1731,1841,1938,5487,5588"
                    }
                },
                {
                    "source": "C:\\Users\\SWAT SEAL\\.gradle\\caches\\transforms-1\\files-1.1\\play-services-base-12.0.1.aar\\89b0f101fe1aa70c87fb7f0eed52e00d\\res\\values-az\\values.xml",
                    "from": {
                        "startLines": "4,5,6,7,8,9,10,11,12,13,14,15,16,17,18,19,20",
                        "startColumns": "0,0,0,0,0,0,0,0,0,0,0,0,0,0,0,0,0",
                        "startOffsets": "245,352,539,670,778,983,1114,1262,1393,1618,1726,1906,2041,2244,2426,2516,2607",
                        "endColumns": "106,186,130,107,204,130,147,130,224,107,179,134,202,181,89,90,105",
                        "endOffsets": "351,538,669,777,982,1113,1261,1392,1617,1725,1905,2040,2243,2425,2515,2606,2712"
                    },
                    "to": {
                        "startLines": "20,21,22,23,24,25,26,27,29,30,31,32,33,34,35,36,37",
                        "startColumns": "4,4,4,4,4,4,4,4,4,4,4,4,4,4,4,4,4",
                        "startOffsets": "1943,2054,2241,2376,2488,2693,2828,2980,3336,3561,3673,3853,3992,4195,4381,4475,4570",
                        "endColumns": "110,186,134,111,204,134,151,134,224,111,179,138,202,185,93,94,109",
                        "endOffsets": "2049,2236,2371,2483,2688,2823,2975,3110,3556,3668,3848,3987,4190,4376,4470,4565,4675"
                    }
                }
            ]
        }
    ]
}