{
    "logs": [
        {
            "outputFile": "C:\\Users\\SWAT SEAL\\AndroidStudioProjects\\AndroidLab1\\app\\build\\intermediates\\incremental\\mergeDebugResources\\merged.dir\\values-sk\\values-sk.xml",
            "map": [
                {
                    "source": "C:\\Users\\SWAT SEAL\\.gradle\\caches\\transforms-1\\files-1.1\\play-services-ads-12.0.1.aar\\aedd9b74a5b8bc5d64e95c7fac68cce6\\res\\values-sk\\values.xml",
                    "from": {
                        "startLines": "4,5,6,7,8,9,10",
                        "startColumns": "0,0,0,0,0,0,0",
                        "startOffsets": "199,272,381,445,512,601,704",
                        "endColumns": "72,108,63,66,88,102,75",
                        "endOffsets": "271,380,444,511,600,703,779"
                    },
                    "to": {
                        "startLines": "52,53,54,55,56,57,58",
                        "startColumns": "4,4,4,4,4,4,4",
                        "startOffsets": "5337,5414,5527,5595,5666,5759,5866",
                        "endColumns": "76,112,67,70,92,106,79",
                        "endOffsets": "5409,5522,5590,5661,5754,5861,5941"
                    }
                },
                {
                    "source": "C:\\Users\\SWAT SEAL\\.gradle\\caches\\transforms-1\\files-1.1\\tweet-composer-3.1.1.aar\\8368696e21c9044d56364f96bd5962cb\\res\\values-sk\\values-sk.xml",
                    "from": {
                        "startLines": "2,3,4",
                        "startColumns": "4,4,4",
                        "startOffsets": "55,113,165",
                        "endColumns": "57,51,51",
                        "endOffsets": "108,160,212"
                    },
                    "to": {
                        "startLines": "61,66,69",
                        "startColumns": "4,4,4",
                        "startOffsets": "6135,6462,6608",
                        "endColumns": "57,51,51",
                        "endOffsets": "6188,6509,6655"
                    }
                },
                {
                    "source": "C:\\Users\\SWAT SEAL\\.gradle\\caches\\transforms-1\\files-1.1\\appcompat-v7-26.1.0.aar\\7377b89c716771af69b51e258d8f6af8\\res\\values-sk\\values-sk.xml",
                    "from": {
                        "startLines": "2,3,4,5,6,7,8,9,10,11,12,13,14,15,16,17,18,19,20,21,22",
                        "startColumns": "4,4,4,4,4,4,4,4,4,4,4,4,4,4,4,4,4,4,4,4,4",
                        "startOffsets": "55,162,270,393,493,604,690,798,916,997,1078,1162,1267,1376,1475,1581,1692,1801,1925,2023,2111",
                        "endColumns": "106,107,122,99,110,85,107,117,80,80,83,104,108,98,105,110,108,123,97,87,100",
                        "endOffsets": "157,265,388,488,599,685,793,911,992,1073,1157,1262,1371,1470,1576,1687,1796,1920,2018,2106,2207"
                    },
                    "to": {
                        "startLines": "14,15,16,17,18,19,20,21,22,23,24,25,26,27,28,29,30,31,32,59,60",
                        "startColumns": "4,4,4,4,4,4,4,4,4,4,4,4,4,4,4,4,4,4,4,4,4",
                        "startOffsets": "509,616,724,847,947,1058,1144,1252,1370,1451,1532,1616,1721,1830,1929,2035,2146,2255,2379,5946,6034",
                        "endColumns": "106,107,122,99,110,85,107,117,80,80,83,104,108,98,105,110,108,123,97,87,100",
                        "endOffsets": "611,719,842,942,1053,1139,1247,1365,1446,1527,1611,1716,1825,1924,2030,2141,2250,2374,2472,6029,6130"
                    }
                },
                {
                    "source": "C:\\Users\\SWAT SEAL\\.gradle\\caches\\transforms-1\\files-1.1\\twitter-core-3.1.1.aar\\3a6850a2453e06ad4d7296440af323e8\\res\\values-sk\\values-sk.xml",
                    "from": {
                        "startLines": "2",
                        "startColumns": "4",
                        "startOffsets": "55",
                        "endColumns": "69",
                        "endOffsets": "120"
                    },
                    "to": {
                        "startLines": "65",
                        "startColumns": "4",
                        "startOffsets": "6392",
                        "endColumns": "69",
                        "endOffsets": "6457"
                    }
                },
                {
                    "source": "C:\\Users\\SWAT SEAL\\.gradle\\caches\\transforms-1\\files-1.1\\play-services-base-12.0.1.aar\\89b0f101fe1aa70c87fb7f0eed52e00d\\res\\values-sk\\values.xml",
                    "from": {
                        "startLines": "4,5,6,7,8,9,10,11,12,13,14,15,16,17,18,19,20",
                        "startColumns": "0,0,0,0,0,0,0,0,0,0,0,0,0,0,0,0,0",
                        "startOffsets": "245,349,541,663,771,986,1112,1251,1378,1606,1715,1916,2044,2266,2456,2550,2643",
                        "endColumns": "103,191,121,107,214,125,138,126,227,108,200,127,221,189,93,92,111",
                        "endOffsets": "348,540,662,770,985,1111,1250,1377,1605,1714,1915,2043,2265,2455,2549,2642,2754"
                    },
                    "to": {
                        "startLines": "33,34,35,36,37,38,39,40,42,43,44,45,46,47,48,49,50",
                        "startColumns": "4,4,4,4,4,4,4,4,4,4,4,4,4,4,4,4,4",
                        "startOffsets": "2477,2585,2777,2903,3015,3230,3360,3503,3832,4060,4173,4374,4506,4728,4922,5020,5117",
                        "endColumns": "107,191,125,111,214,129,142,130,227,112,200,131,221,193,97,96,115",
                        "endOffsets": "2580,2772,2898,3010,3225,3355,3498,3629,4055,4168,4369,4501,4723,4917,5015,5112,5228"
                    }
                },
                {
                    "source": "C:\\Users\\SWAT SEAL\\.gradle\\caches\\transforms-1\\files-1.1\\tweet-ui-3.1.1.aar\\2c7c84cf51aa836c10091385d20372e6\\res\\values-sk\\values-sk.xml",
                    "from": {
                        "startLines": "2,6,10,14,15,16,17,18,19,20,21,22,23,24,25",
                        "startColumns": "4,4,4,4,4,4,4,4,4,4,4,4,4,4,4",
                        "startOffsets": "55,189,326,459,519,594,658,707,752,805,887,1016,1104,1162,1238",
                        "endLines": "5,9,13,14,15,16,17,18,19,20,21,22,23,24,25",
                        "endColumns": "14,14,14,59,74,63,48,44,52,81,128,87,57,75,58",
                        "endOffsets": "184,321,454,514,589,653,702,747,800,882,1011,1099,1157,1233,1292"
                    },
                    "to": {
                        "startLines": "2,6,10,62,63,64,67,68,70,71,72,73,74,75,76",
                        "startColumns": "4,4,4,4,4,4,4,4,4,4,4,4,4,4,4",
                        "startOffsets": "105,239,376,6193,6253,6328,6514,6563,6660,6713,6795,6924,7012,7070,7146",
                        "endLines": "5,9,13,62,63,64,67,68,70,71,72,73,74,75,76",
                        "endColumns": "14,14,14,59,74,63,48,44,52,81,128,87,57,75,58",
                        "endOffsets": "234,371,504,6248,6323,6387,6558,6603,6708,6790,6919,7007,7065,7141,7200"
                    }
                },
                {
                    "source": "C:\\Users\\SWAT SEAL\\.gradle\\caches\\transforms-1\\files-1.1\\firebase-messaging-12.0.1.aar\\9a578ef3c246ab54503e58b22a339597\\res\\values-sk\\values.xml",
                    "from": {
                        "startLines": "4",
                        "startColumns": "0",
                        "startOffsets": "205",
                        "endColumns": "99",
                        "endOffsets": "304"
                    },
                    "to": {
                        "startLines": "51",
                        "startColumns": "4",
                        "startOffsets": "5233",
                        "endColumns": "103",
                        "endOffsets": "5332"
                    }
                },
                {
                    "source": "C:\\Users\\SWAT SEAL\\.gradle\\caches\\transforms-1\\files-1.1\\play-services-basement-12.0.1.aar\\b951e0e2da5a9ce75a5b739a2eed04a8\\res\\values-sk\\values.xml",
                    "from": {
                        "startLines": "4",
                        "startColumns": "0",
                        "startOffsets": "247",
                        "endColumns": "197",
                        "endOffsets": "444"
                    },
                    "to": {
                        "startLines": "41",
                        "startColumns": "4",
                        "startOffsets": "3634",
                        "endColumns": "197",
                        "endOffsets": "3827"
                    }
                }
            ]
        }
    ]
}