{
    "logs": [
        {
            "outputFile": "C:\\Users\\SWAT SEAL\\AndroidStudioProjects\\AndroidLab1\\app\\build\\intermediates\\incremental\\mergeDebugResources\\merged.dir\\values-be\\values-be.xml",
            "map": [
                {
                    "source": "C:\\Users\\SWAT SEAL\\.gradle\\caches\\transforms-1\\files-1.1\\play-services-base-12.0.1.aar\\89b0f101fe1aa70c87fb7f0eed52e00d\\res\\values-be\\values.xml",
                    "from": {
                        "startLines": "4,5,6,7,8,9,10,11,12,13,14,15,16,17,18,19,20",
                        "startColumns": "0,0,0,0,0,0,0,0,0,0,0,0,0,0,0,0,0",
                        "startOffsets": "245,350,544,667,775,989,1113,1254,1383,1604,1709,1903,2029,2241,2426,2521,2609",
                        "endColumns": "104,193,122,107,213,123,140,128,220,104,193,125,211,184,94,87,103",
                        "endOffsets": "349,543,666,774,988,1112,1253,1382,1603,1708,1902,2028,2240,2425,2520,2608,2712"
                    },
                    "to": {
                        "startLines": "21,22,23,24,25,26,27,28,30,31,32,33,34,35,36,37,38",
                        "startColumns": "4,4,4,4,4,4,4,4,4,4,4,4,4,4,4,4,4",
                        "startOffsets": "2075,2184,2378,2505,2617,2831,2959,3104,3442,3663,3772,3966,4096,4308,4497,4596,4688",
                        "endColumns": "108,193,126,111,213,127,144,132,220,108,193,129,211,188,98,91,107",
                        "endOffsets": "2179,2373,2500,2612,2826,2954,3099,3232,3658,3767,3961,4091,4303,4492,4591,4683,4791"
                    }
                },
                {
                    "source": "C:\\Users\\SWAT SEAL\\.gradle\\caches\\transforms-1\\files-1.1\\play-services-basement-12.0.1.aar\\b951e0e2da5a9ce75a5b739a2eed04a8\\res\\values-be\\values.xml",
                    "from": {
                        "startLines": "4",
                        "startColumns": "0",
                        "startOffsets": "247",
                        "endColumns": "204",
                        "endOffsets": "451"
                    },
                    "to": {
                        "startLines": "29",
                        "startColumns": "4",
                        "startOffsets": "3237",
                        "endColumns": "204",
                        "endOffsets": "3437"
                    }
                },
                {
                    "source": "C:\\Users\\SWAT SEAL\\.gradle\\caches\\transforms-1\\files-1.1\\appcompat-v7-26.1.0.aar\\7377b89c716771af69b51e258d8f6af8\\res\\values-be\\values-be.xml",
                    "from": {
                        "startLines": "2,3,4,5,6,7,8,9,10,11,12,13,14,15,16,17,18,19,20,21,22",
                        "startColumns": "4,4,4,4,4,4,4,4,4,4,4,4,4,4,4,4,4,4,4,4,4",
                        "startOffsets": "55,175,283,406,509,625,711,819,937,1016,1094,1177,1283,1389,1487,1595,1700,1805,1925,2025,2106",
                        "endColumns": "119,107,122,102,115,85,107,117,78,77,82,105,105,97,107,104,104,119,99,80,108",
                        "endOffsets": "170,278,401,504,620,706,814,932,1011,1089,1172,1278,1384,1482,1590,1695,1800,1920,2020,2101,2210"
                    },
                    "to": {
                        "startLines": "2,3,4,5,6,7,8,9,10,11,12,13,14,15,16,17,18,19,20,47,48",
                        "startColumns": "4,4,4,4,4,4,4,4,4,4,4,4,4,4,4,4,4,4,4,4,4",
                        "startOffsets": "105,225,333,456,559,675,761,869,987,1066,1144,1227,1333,1439,1537,1645,1750,1855,1975,5506,5587",
                        "endColumns": "119,107,122,102,115,85,107,117,78,77,82,105,105,97,107,104,104,119,99,80,108",
                        "endOffsets": "220,328,451,554,670,756,864,982,1061,1139,1222,1328,1434,1532,1640,1745,1850,1970,2070,5582,5691"
                    }
                },
                {
                    "source": "C:\\Users\\SWAT SEAL\\.gradle\\caches\\transforms-1\\files-1.1\\play-services-ads-12.0.1.aar\\aedd9b74a5b8bc5d64e95c7fac68cce6\\res\\values-be\\values.xml",
                    "from": {
                        "startLines": "4,5,6,7,8,9,10",
                        "startColumns": "0,0,0,0,0,0,0",
                        "startOffsets": "199,272,386,451,517,600,702",
                        "endColumns": "72,113,64,65,82,101,73",
                        "endOffsets": "271,385,450,516,599,701,775"
                    },
                    "to": {
                        "startLines": "40,41,42,43,44,45,46",
                        "startColumns": "4,4,4,4,4,4,4",
                        "startOffsets": "4901,4978,5096,5165,5235,5322,5428",
                        "endColumns": "76,117,68,69,86,105,77",
                        "endOffsets": "4973,5091,5160,5230,5317,5423,5501"
                    }
                },
                {
                    "source": "C:\\Users\\SWAT SEAL\\.gradle\\caches\\transforms-1\\files-1.1\\firebase-messaging-12.0.1.aar\\9a578ef3c246ab54503e58b22a339597\\res\\values-be\\values.xml",
                    "from": {
                        "startLines": "4",
                        "startColumns": "0",
                        "startOffsets": "205",
                        "endColumns": "100",
                        "endOffsets": "305"
                    },
                    "to": {
                        "startLines": "39",
                        "startColumns": "4",
                        "startOffsets": "4796",
                        "endColumns": "104",
                        "endOffsets": "4896"
                    }
                }
            ]
        }
    ]
}