{
    "logs": [
        {
            "outputFile": "C:\\Users\\SWAT SEAL\\AndroidStudioProjects\\AndroidLab1\\app\\build\\intermediates\\incremental\\mergeDebugResources\\merged.dir\\values-ja\\values-ja.xml",
            "map": [
                {
                    "source": "C:\\Users\\SWAT SEAL\\.gradle\\caches\\transforms-1\\files-1.1\\play-services-base-12.0.1.aar\\89b0f101fe1aa70c87fb7f0eed52e00d\\res\\values-ja\\values.xml",
                    "from": {
                        "startLines": "4,5,6,7,8,9,10,11,12,13,14,15,16,17,18,19,20",
                        "startColumns": "0,0,0,0,0,0,0,0,0,0,0,0,0,0,0,0,0",
                        "startOffsets": "245,347,513,631,735,924,1042,1173,1297,1488,1587,1751,1868,2047,2193,2279,2364",
                        "endColumns": "101,165,117,103,188,117,130,123,190,98,163,116,178,145,85,84,95",
                        "endOffsets": "346,512,630,734,923,1041,1172,1296,1487,1586,1750,1867,2046,2192,2278,2363,2459"
                    },
                    "to": {
                        "startLines": "33,34,35,36,37,38,39,40,42,43,44,45,46,47,48,49,50",
                        "startColumns": "4,4,4,4,4,4,4,4,4,4,4,4,4,4,4,4,4",
                        "startOffsets": "2341,2447,2613,2735,2843,3032,3154,3289,3598,3789,3892,4056,4177,4356,4506,4596,4685",
                        "endColumns": "105,165,121,107,188,121,134,127,190,102,163,120,178,149,89,88,99",
                        "endOffsets": "2442,2608,2730,2838,3027,3149,3284,3412,3784,3887,4051,4172,4351,4501,4591,4680,4780"
                    }
                },
                {
                    "source": "C:\\Users\\SWAT SEAL\\.gradle\\caches\\transforms-1\\files-1.1\\play-services-basement-12.0.1.aar\\b951e0e2da5a9ce75a5b739a2eed04a8\\res\\values-ja\\values.xml",
                    "from": {
                        "startLines": "4",
                        "startColumns": "0",
                        "startOffsets": "247",
                        "endColumns": "180",
                        "endOffsets": "427"
                    },
                    "to": {
                        "startLines": "41",
                        "startColumns": "4",
                        "startOffsets": "3417",
                        "endColumns": "180",
                        "endOffsets": "3593"
                    }
                },
                {
                    "source": "C:\\Users\\SWAT SEAL\\.gradle\\caches\\transforms-1\\files-1.1\\appcompat-v7-26.1.0.aar\\7377b89c716771af69b51e258d8f6af8\\res\\values-ja\\values-ja.xml",
                    "from": {
                        "startLines": "2,3,4,5,6,7,8,9,10,11,12,13,14,15,16,17,18,19,20,21,22",
                        "startColumns": "4,4,4,4,4,4,4,4,4,4,4,4,4,4,4,4,4,4,4,4,4",
                        "startOffsets": "55,152,259,380,473,578,660,758,866,943,1019,1097,1199,1298,1393,1496,1591,1687,1798,1895,1973",
                        "endColumns": "96,106,120,92,104,81,97,107,76,75,77,101,98,94,102,94,95,110,96,77,100",
                        "endOffsets": "147,254,375,468,573,655,753,861,938,1014,1092,1194,1293,1388,1491,1586,1682,1793,1890,1968,2069"
                    },
                    "to": {
                        "startLines": "14,15,16,17,18,19,20,21,22,23,24,25,26,27,28,29,30,31,32,59,60",
                        "startColumns": "4,4,4,4,4,4,4,4,4,4,4,4,4,4,4,4,4,4,4,4,4",
                        "startOffsets": "501,598,705,826,919,1024,1106,1204,1312,1389,1465,1543,1645,1744,1839,1942,2037,2133,2244,5404,5482",
                        "endColumns": "96,106,120,92,104,81,97,107,76,75,77,101,98,94,102,94,95,110,96,77,100",
                        "endOffsets": "593,700,821,914,1019,1101,1199,1307,1384,1460,1538,1640,1739,1834,1937,2032,2128,2239,2336,5477,5578"
                    }
                },
                {
                    "source": "C:\\Users\\SWAT SEAL\\.gradle\\caches\\transforms-1\\files-1.1\\tweet-composer-3.1.1.aar\\8368696e21c9044d56364f96bd5962cb\\res\\values-ja\\values-ja.xml",
                    "from": {
                        "startLines": "2,3,4",
                        "startColumns": "4,4,4",
                        "startOffsets": "55,110,162",
                        "endColumns": "54,51,47",
                        "endOffsets": "105,157,205"
                    },
                    "to": {
                        "startLines": "61,66,69",
                        "startColumns": "4,4,4",
                        "startOffsets": "5583,5859,5994",
                        "endColumns": "54,51,47",
                        "endOffsets": "5633,5906,6037"
                    }
                },
                {
                    "source": "C:\\Users\\SWAT SEAL\\.gradle\\caches\\transforms-1\\files-1.1\\twitter-core-3.1.1.aar\\3a6850a2453e06ad4d7296440af323e8\\res\\values-ja\\values-ja.xml",
                    "from": {
                        "startLines": "2",
                        "startColumns": "4",
                        "startOffsets": "55",
                        "endColumns": "58",
                        "endOffsets": "109"
                    },
                    "to": {
                        "startLines": "65",
                        "startColumns": "4",
                        "startOffsets": "5800",
                        "endColumns": "58",
                        "endOffsets": "5854"
                    }
                },
                {
                    "source": "C:\\Users\\SWAT SEAL\\.gradle\\caches\\transforms-1\\files-1.1\\play-services-ads-12.0.1.aar\\aedd9b74a5b8bc5d64e95c7fac68cce6\\res\\values-ja\\values.xml",
                    "from": {
                        "startLines": "4,5,6,7,8,9,10",
                        "startColumns": "0,0,0,0,0,0,0",
                        "startOffsets": "199,261,347,409,472,541,625",
                        "endColumns": "61,85,61,62,68,83,62",
                        "endOffsets": "260,346,408,471,540,624,687"
                    },
                    "to": {
                        "startLines": "52,53,54,55,56,57,58",
                        "startColumns": "4,4,4,4,4,4,4",
                        "startOffsets": "4887,4953,5043,5109,5176,5249,5337",
                        "endColumns": "65,89,65,66,72,87,66",
                        "endOffsets": "4948,5038,5104,5171,5244,5332,5399"
                    }
                },
                {
                    "source": "C:\\Users\\SWAT SEAL\\.gradle\\caches\\transforms-1\\files-1.1\\tweet-ui-3.1.1.aar\\2c7c84cf51aa836c10091385d20372e6\\res\\values-ja\\values-ja.xml",
                    "from": {
                        "startLines": "2,6,10,14,15,16,17,18,19,20,21,22,23,24,25,26,27",
                        "startColumns": "4,4,4,4,4,4,4,4,4,4,4,4,4,4,4,4,4",
                        "startOffsets": "55,189,320,451,505,558,613,656,696,760,824,868,933,1048,1124,1176,1252",
                        "endLines": "5,9,13,14,15,16,17,18,19,20,21,22,23,24,25,26,27",
                        "endColumns": "14,14,14,53,52,54,42,39,63,63,43,64,114,75,51,75,52",
                        "endOffsets": "184,315,446,500,553,608,651,691,755,819,863,928,1043,1119,1171,1247,1300"
                    },
                    "to": {
                        "startLines": "2,6,10,62,63,64,67,68,70,71,72,73,74,75,76,77,78",
                        "startColumns": "4,4,4,4,4,4,4,4,4,4,4,4,4,4,4,4,4",
                        "startOffsets": "105,239,370,5638,5692,5745,5911,5954,6042,6106,6170,6214,6279,6394,6470,6522,6598",
                        "endLines": "5,9,13,62,63,64,67,68,70,71,72,73,74,75,76,77,78",
                        "endColumns": "14,14,14,53,52,54,42,39,63,63,43,64,114,75,51,75,52",
                        "endOffsets": "234,365,496,5687,5740,5795,5949,5989,6101,6165,6209,6274,6389,6465,6517,6593,6646"
                    }
                },
                {
                    "source": "C:\\Users\\SWAT SEAL\\.gradle\\caches\\transforms-1\\files-1.1\\firebase-messaging-12.0.1.aar\\9a578ef3c246ab54503e58b22a339597\\res\\values-ja\\values.xml",
                    "from": {
                        "startLines": "4",
                        "startColumns": "0",
                        "startOffsets": "205",
                        "endColumns": "97",
                        "endOffsets": "302"
                    },
                    "to": {
                        "startLines": "51",
                        "startColumns": "4",
                        "startOffsets": "4785",
                        "endColumns": "101",
                        "endOffsets": "4882"
                    }
                }
            ]
        }
    ]
}