{
    "logs": [
        {
            "outputFile": "C:\\Users\\SWAT SEAL\\AndroidStudioProjects\\AndroidLab1\\app\\build\\intermediates\\incremental\\mergeDebugResources\\merged.dir\\values-gu\\values-gu.xml",
            "map": [
                {
                    "source": "C:\\Users\\SWAT SEAL\\.gradle\\caches\\transforms-1\\files-1.1\\appcompat-v7-26.1.0.aar\\7377b89c716771af69b51e258d8f6af8\\res\\values-gu\\values-gu.xml",
                    "from": {
                        "startLines": "2,3,4,5,6,7,8,9,10,11,12,13,14,15,16,17,18,19,20,21,22",
                        "startColumns": "4,4,4,4,4,4,4,4,4,4,4,4,4,4,4,4,4,4,4,4,4",
                        "startOffsets": "55,164,272,395,499,606,693,794,917,994,1072,1152,1258,1360,1457,1566,1665,1775,1896,1999,2079",
                        "endColumns": "108,107,122,103,106,86,100,122,76,77,79,105,101,96,108,98,109,120,102,79,100",
                        "endOffsets": "159,267,390,494,601,688,789,912,989,1067,1147,1253,1355,1452,1561,1660,1770,1891,1994,2074,2175"
                    },
                    "to": {
                        "startLines": "14,15,16,17,18,19,20,21,22,23,24,25,26,27,28,29,30,31,32,59,60",
                        "startColumns": "4,4,4,4,4,4,4,4,4,4,4,4,4,4,4,4,4,4,4,4,4",
                        "startOffsets": "499,608,716,839,943,1050,1137,1238,1361,1438,1516,1596,1702,1804,1901,2010,2109,2219,2340,5810,5890",
                        "endColumns": "108,107,122,103,106,86,100,122,76,77,79,105,101,96,108,98,109,120,102,79,100",
                        "endOffsets": "603,711,834,938,1045,1132,1233,1356,1433,1511,1591,1697,1799,1896,2005,2104,2214,2335,2438,5885,5986"
                    }
                },
                {
                    "source": "C:\\Users\\SWAT SEAL\\.gradle\\caches\\transforms-1\\files-1.1\\firebase-messaging-12.0.1.aar\\9a578ef3c246ab54503e58b22a339597\\res\\values-gu\\values.xml",
                    "from": {
                        "startLines": "4",
                        "startColumns": "0",
                        "startOffsets": "205",
                        "endColumns": "99",
                        "endOffsets": "304"
                    },
                    "to": {
                        "startLines": "51",
                        "startColumns": "4",
                        "startOffsets": "5108",
                        "endColumns": "103",
                        "endOffsets": "5207"
                    }
                },
                {
                    "source": "C:\\Users\\SWAT SEAL\\.gradle\\caches\\transforms-1\\files-1.1\\play-services-ads-12.0.1.aar\\aedd9b74a5b8bc5d64e95c7fac68cce6\\res\\values-gu\\values.xml",
                    "from": {
                        "startLines": "4,5,6,7,8,9,10",
                        "startColumns": "0,0,0,0,0,0,0",
                        "startOffsets": "199,265,381,447,510,589,694",
                        "endColumns": "65,115,65,62,78,104,74",
                        "endOffsets": "264,380,446,509,588,693,768"
                    },
                    "to": {
                        "startLines": "52,53,54,55,56,57,58",
                        "startColumns": "4,4,4,4,4,4,4",
                        "startOffsets": "5212,5282,5402,5472,5539,5622,5731",
                        "endColumns": "69,119,69,66,82,108,78",
                        "endOffsets": "5277,5397,5467,5534,5617,5726,5805"
                    }
                },
                {
                    "source": "C:\\Users\\SWAT SEAL\\.gradle\\caches\\transforms-1\\files-1.1\\play-services-base-12.0.1.aar\\89b0f101fe1aa70c87fb7f0eed52e00d\\res\\values-gu\\values.xml",
                    "from": {
                        "startLines": "4,5,6,7,8,9,10,11,12,13,14,15,16,17,18,19,20",
                        "startColumns": "0,0,0,0,0,0,0,0,0,0,0,0,0,0,0,0,0",
                        "startOffsets": "245,351,549,672,782,979,1099,1236,1361,1568,1674,1869,1992,2194,2370,2457,2549",
                        "endColumns": "105,197,122,109,196,119,136,124,206,105,194,122,201,175,86,91,106",
                        "endOffsets": "350,548,671,781,978,1098,1235,1360,1567,1673,1868,1991,2193,2369,2456,2548,2655"
                    },
                    "to": {
                        "startLines": "33,34,35,36,37,38,39,40,42,43,44,45,46,47,48,49,50",
                        "startColumns": "4,4,4,4,4,4,4,4,4,4,4,4,4,4,4,4,4",
                        "startOffsets": "2443,2553,2751,2878,2992,3189,3313,3454,3789,3996,4106,4301,4428,4630,4810,4901,4997",
                        "endColumns": "109,197,126,113,196,123,140,128,206,109,194,126,201,179,90,95,110",
                        "endOffsets": "2548,2746,2873,2987,3184,3308,3449,3578,3991,4101,4296,4423,4625,4805,4896,4992,5103"
                    }
                },
                {
                    "source": "C:\\Users\\SWAT SEAL\\.gradle\\caches\\transforms-1\\files-1.1\\tweet-ui-3.1.1.aar\\2c7c84cf51aa836c10091385d20372e6\\res\\values-gu\\values-gu.xml",
                    "from": {
                        "startLines": "2,6,10,14,15,16,17,18,19,20,21,22,23,24,25",
                        "startColumns": "4,4,4,4,4,4,4,4,4,4,4,4,4,4,4",
                        "startOffsets": "55,187,318,449,507,568,634,679,725,777,855,968,1047,1105,1181",
                        "endLines": "5,9,13,14,15,16,17,18,19,20,21,22,23,24,25",
                        "endColumns": "14,14,14,57,60,65,44,45,51,77,112,78,57,75,56",
                        "endOffsets": "182,313,444,502,563,629,674,720,772,850,963,1042,1100,1176,1233"
                    },
                    "to": {
                        "startLines": "2,6,10,62,63,64,67,68,70,71,72,73,74,75,76",
                        "startColumns": "4,4,4,4,4,4,4,4,4,4,4,4,4,4,4",
                        "startOffsets": "105,237,368,6056,6114,6175,6362,6407,6506,6558,6636,6749,6828,6886,6962",
                        "endLines": "5,9,13,62,63,64,67,68,70,71,72,73,74,75,76",
                        "endColumns": "14,14,14,57,60,65,44,45,51,77,112,78,57,75,56",
                        "endOffsets": "232,363,494,6109,6170,6236,6402,6448,6553,6631,6744,6823,6881,6957,7014"
                    }
                },
                {
                    "source": "C:\\Users\\SWAT SEAL\\.gradle\\caches\\transforms-1\\files-1.1\\play-services-basement-12.0.1.aar\\b951e0e2da5a9ce75a5b739a2eed04a8\\res\\values-gu\\values.xml",
                    "from": {
                        "startLines": "4",
                        "startColumns": "0",
                        "startOffsets": "247",
                        "endColumns": "205",
                        "endOffsets": "452"
                    },
                    "to": {
                        "startLines": "41",
                        "startColumns": "4",
                        "startOffsets": "3583",
                        "endColumns": "205",
                        "endOffsets": "3784"
                    }
                },
                {
                    "source": "C:\\Users\\SWAT SEAL\\.gradle\\caches\\transforms-1\\files-1.1\\tweet-composer-3.1.1.aar\\8368696e21c9044d56364f96bd5962cb\\res\\values-gu\\values-gu.xml",
                    "from": {
                        "startLines": "2,3,4",
                        "startColumns": "4,4,4",
                        "startOffsets": "55,120,172",
                        "endColumns": "64,51,52",
                        "endOffsets": "115,167,220"
                    },
                    "to": {
                        "startLines": "61,66,69",
                        "startColumns": "4,4,4",
                        "startOffsets": "5991,6310,6453",
                        "endColumns": "64,51,52",
                        "endOffsets": "6051,6357,6501"
                    }
                },
                {
                    "source": "C:\\Users\\SWAT SEAL\\.gradle\\caches\\transforms-1\\files-1.1\\twitter-core-3.1.1.aar\\3a6850a2453e06ad4d7296440af323e8\\res\\values-gu\\values-gu.xml",
                    "from": {
                        "startLines": "2",
                        "startColumns": "4",
                        "startOffsets": "55",
                        "endColumns": "68",
                        "endOffsets": "119"
                    },
                    "to": {
                        "startLines": "65",
                        "startColumns": "4",
                        "startOffsets": "6241",
                        "endColumns": "68",
                        "endOffsets": "6305"
                    }
                }
            ]
        }
    ]
}