{
    "logs": [
        {
            "outputFile": "C:\\Users\\SWAT SEAL\\AndroidStudioProjects\\AndroidLab1\\app\\build\\intermediates\\incremental\\mergeDebugResources\\merged.dir\\values-fi\\values-fi.xml",
            "map": [
                {
                    "source": "C:\\Users\\SWAT SEAL\\.gradle\\caches\\transforms-1\\files-1.1\\tweet-ui-3.1.1.aar\\2c7c84cf51aa836c10091385d20372e6\\res\\values-fi\\values-fi.xml",
                    "from": {
                        "startLines": "2,6,10,14,15,16,17,18,19,20,21,22,23,24,25,26,27",
                        "startColumns": "4,4,4,4,4,4,4,4,4,4,4,4,4,4,4,4,4",
                        "startOffsets": "55,189,326,459,519,577,641,687,731,795,861,917,994,1116,1203,1259,1335",
                        "endLines": "5,9,13,14,15,16,17,18,19,20,21,22,23,24,25,26,27",
                        "endColumns": "14,14,14,59,57,63,45,43,63,65,55,76,121,86,55,75,64",
                        "endOffsets": "184,321,454,514,572,636,682,726,790,856,912,989,1111,1198,1254,1330,1395"
                    },
                    "to": {
                        "startLines": "2,6,10,62,63,64,67,68,70,71,72,73,74,75,76,77,78",
                        "startColumns": "4,4,4,4,4,4,4,4,4,4,4,4,4,4,4,4,4",
                        "startOffsets": "105,239,376,6053,6113,6171,6364,6410,6506,6570,6636,6692,6769,6891,6978,7034,7110",
                        "endLines": "5,9,13,62,63,64,67,68,70,71,72,73,74,75,76,77,78",
                        "endColumns": "14,14,14,59,57,63,45,43,63,65,55,76,121,86,55,75,64",
                        "endOffsets": "234,371,504,6108,6166,6230,6405,6449,6565,6631,6687,6764,6886,6973,7029,7105,7170"
                    }
                },
                {
                    "source": "C:\\Users\\SWAT SEAL\\.gradle\\caches\\transforms-1\\files-1.1\\play-services-ads-12.0.1.aar\\aedd9b74a5b8bc5d64e95c7fac68cce6\\res\\values-fi\\values.xml",
                    "from": {
                        "startLines": "4,5,6,7,8,9,10",
                        "startColumns": "0,0,0,0,0,0,0",
                        "startOffsets": "199,269,385,450,514,594,709",
                        "endColumns": "69,115,64,63,79,114,68",
                        "endOffsets": "268,384,449,513,593,708,777"
                    },
                    "to": {
                        "startLines": "52,53,54,55,56,57,58",
                        "startColumns": "4,4,4,4,4,4,4",
                        "startOffsets": "5204,5278,5398,5467,5535,5619,5738",
                        "endColumns": "73,119,68,67,83,118,72",
                        "endOffsets": "5273,5393,5462,5530,5614,5733,5806"
                    }
                },
                {
                    "source": "C:\\Users\\SWAT SEAL\\.gradle\\caches\\transforms-1\\files-1.1\\play-services-base-12.0.1.aar\\89b0f101fe1aa70c87fb7f0eed52e00d\\res\\values-fi\\values.xml",
                    "from": {
                        "startLines": "4,5,6,7,8,9,10,11,12,13,14,15,16,17,18,19,20",
                        "startColumns": "0,0,0,0,0,0,0,0,0,0,0,0,0,0,0,0,0",
                        "startOffsets": "245,354,539,668,772,974,1098,1240,1372,1572,1676,1856,1980,2187,2352,2444,2540",
                        "endColumns": "108,184,128,103,201,123,141,131,199,103,179,123,206,164,91,95,107",
                        "endOffsets": "353,538,667,771,973,1097,1239,1371,1571,1675,1855,1979,2186,2351,2443,2539,2647"
                    },
                    "to": {
                        "startLines": "33,34,35,36,37,38,39,40,42,43,44,45,46,47,48,49,50",
                        "startColumns": "4,4,4,4,4,4,4,4,4,4,4,4,4,4,4,4,4",
                        "startOffsets": "2441,2554,2739,2872,2980,3182,3310,3456,3801,4001,4109,4289,4417,4624,4793,4889,4989",
                        "endColumns": "112,184,132,107,201,127,145,135,199,107,179,127,206,168,95,99,111",
                        "endOffsets": "2549,2734,2867,2975,3177,3305,3451,3587,3996,4104,4284,4412,4619,4788,4884,4984,5096"
                    }
                },
                {
                    "source": "C:\\Users\\SWAT SEAL\\.gradle\\caches\\transforms-1\\files-1.1\\appcompat-v7-26.1.0.aar\\7377b89c716771af69b51e258d8f6af8\\res\\values-fi\\values-fi.xml",
                    "from": {
                        "startLines": "2,3,4,5,6,7,8,9,10,11,12,13,14,15,16,17,18,19,20,21,22",
                        "startColumns": "4,4,4,4,4,4,4,4,4,4,4,4,4,4,4,4,4,4,4,4,4",
                        "startOffsets": "55,163,271,394,494,595,681,786,904,991,1073,1153,1260,1363,1460,1566,1665,1769,1888,1987,2067",
                        "endColumns": "107,107,122,99,100,85,104,117,86,81,79,106,102,96,105,98,103,118,98,79,100",
                        "endOffsets": "158,266,389,489,590,676,781,899,986,1068,1148,1255,1358,1455,1561,1660,1764,1883,1982,2062,2163"
                    },
                    "to": {
                        "startLines": "14,15,16,17,18,19,20,21,22,23,24,25,26,27,28,29,30,31,32,59,60",
                        "startColumns": "4,4,4,4,4,4,4,4,4,4,4,4,4,4,4,4,4,4,4,4,4",
                        "startOffsets": "509,617,725,848,948,1049,1135,1240,1358,1445,1527,1607,1714,1817,1914,2020,2119,2223,2342,5811,5891",
                        "endColumns": "107,107,122,99,100,85,104,117,86,81,79,106,102,96,105,98,103,118,98,79,100",
                        "endOffsets": "612,720,843,943,1044,1130,1235,1353,1440,1522,1602,1709,1812,1909,2015,2114,2218,2337,2436,5886,5987"
                    }
                },
                {
                    "source": "C:\\Users\\SWAT SEAL\\.gradle\\caches\\transforms-1\\files-1.1\\tweet-composer-3.1.1.aar\\8368696e21c9044d56364f96bd5962cb\\res\\values-fi\\values-fi.xml",
                    "from": {
                        "startLines": "2,3,4",
                        "startColumns": "4,4,4",
                        "startOffsets": "55,116,168",
                        "endColumns": "60,51,51",
                        "endOffsets": "111,163,215"
                    },
                    "to": {
                        "startLines": "61,66,69",
                        "startColumns": "4,4,4",
                        "startOffsets": "5992,6312,6454",
                        "endColumns": "60,51,51",
                        "endOffsets": "6048,6359,6501"
                    }
                },
                {
                    "source": "C:\\Users\\SWAT SEAL\\.gradle\\caches\\transforms-1\\files-1.1\\twitter-core-3.1.1.aar\\3a6850a2453e06ad4d7296440af323e8\\res\\values-fi\\values-fi.xml",
                    "from": {
                        "startLines": "2",
                        "startColumns": "4",
                        "startOffsets": "55",
                        "endColumns": "76",
                        "endOffsets": "127"
                    },
                    "to": {
                        "startLines": "65",
                        "startColumns": "4",
                        "startOffsets": "6235",
                        "endColumns": "76",
                        "endOffsets": "6307"
                    }
                },
                {
                    "source": "C:\\Users\\SWAT SEAL\\.gradle\\caches\\transforms-1\\files-1.1\\play-services-basement-12.0.1.aar\\b951e0e2da5a9ce75a5b739a2eed04a8\\res\\values-fi\\values.xml",
                    "from": {
                        "startLines": "4",
                        "startColumns": "0",
                        "startOffsets": "247",
                        "endColumns": "208",
                        "endOffsets": "455"
                    },
                    "to": {
                        "startLines": "41",
                        "startColumns": "4",
                        "startOffsets": "3592",
                        "endColumns": "208",
                        "endOffsets": "3796"
                    }
                },
                {
                    "source": "C:\\Users\\SWAT SEAL\\.gradle\\caches\\transforms-1\\files-1.1\\firebase-messaging-12.0.1.aar\\9a578ef3c246ab54503e58b22a339597\\res\\values-fi\\values.xml",
                    "from": {
                        "startLines": "4",
                        "startColumns": "0",
                        "startOffsets": "205",
                        "endColumns": "98",
                        "endOffsets": "303"
                    },
                    "to": {
                        "startLines": "51",
                        "startColumns": "4",
                        "startOffsets": "5101",
                        "endColumns": "102",
                        "endOffsets": "5199"
                    }
                }
            ]
        }
    ]
}