{
    "logs": [
        {
            "outputFile": "C:\\Users\\SWAT SEAL\\AndroidStudioProjects\\AndroidLab1\\app\\build\\intermediates\\incremental\\mergeDebugResources\\merged.dir\\values-v11\\values-v11.xml",
            "map": [
                {
                    "source": "C:\\Users\\SWAT SEAL\\.gradle\\caches\\transforms-1\\files-1.1\\play-services-appinvite-12.0.1.aar\\16dff76d098a020f41b6c90e5d322e6d\\res\\values-v11\\values.xml",
                    "from": {
                        "startLines": "4",
                        "startColumns": "0",
                        "startOffsets": "172",
                        "endLines": "5",
                        "endColumns": "8",
                        "endOffsets": "293"
                    },
                    "to": {
                        "startLines": "213",
                        "startColumns": "4",
                        "startOffsets": "15368",
                        "endLines": "214",
                        "endColumns": "8",
                        "endOffsets": "15489"
                    }
                },
                {
                    "source": "C:\\Users\\SWAT SEAL\\.gradle\\caches\\transforms-1\\files-1.1\\tweet-composer-3.1.1.aar\\8368696e21c9044d56364f96bd5962cb\\res\\values-v11\\values-v11.xml",
                    "from": {
                        "startLines": "2,10",
                        "startColumns": "4,4",
                        "startOffsets": "55,565",
                        "endLines": "9,17",
                        "endColumns": "12,12",
                        "endOffsets": "560,1076"
                    },
                    "to": {
                        "startLines": "80,88",
                        "startColumns": "4,4",
                        "startOffsets": "5639,6149",
                        "endLines": "87,95",
                        "endColumns": "12,12",
                        "endOffsets": "6144,6660"
                    }
                },
                {
                    "source": "C:\\Users\\SWAT SEAL\\.gradle\\caches\\transforms-1\\files-1.1\\tweet-ui-3.1.1.aar\\2c7c84cf51aa836c10091385d20372e6\\res\\values-v11\\values-v11.xml",
                    "from": {
                        "startLines": "2",
                        "startColumns": "4",
                        "startOffsets": "55",
                        "endLines": "6",
                        "endColumns": "12",
                        "endOffsets": "315"
                    },
                    "to": {
                        "startLines": "96",
                        "startColumns": "4",
                        "startOffsets": "6665",
                        "endLines": "100",
                        "endColumns": "12",
                        "endOffsets": "6925"
                    }
                },
                {
                    "source": "C:\\Users\\SWAT SEAL\\.gradle\\caches\\transforms-1\\files-1.1\\appcompat-v7-26.1.0.aar\\7377b89c716771af69b51e258d8f6af8\\res\\values-v11\\values-v11.xml",
                    "from": {
                        "startLines": "2,8,14,20,26,32,38,39,43,47,48,52,56,57,61,66,71,76,78,80,81,82,136,191",
                        "startColumns": "4,4,4,4,4,4,4,4,4,4,4,4,4,4,4,4,4,4,4,4,4,4,4,4",
                        "startOffsets": "55,474,899,1327,1753,2180,2605,2694,2940,3189,3290,3542,3797,3900,4153,4561,4981,5403,5510,5639,5710,5793,9818,13986",
                        "endLines": "7,13,19,25,31,37,38,42,46,47,51,55,56,60,65,70,75,77,79,80,81,135,190,191",
                        "endColumns": "12,12,12,12,12,12,88,12,12,100,12,12,102,12,12,12,12,12,12,70,82,12,12,90",
                        "endOffsets": "469,894,1322,1748,2175,2600,2689,2935,3184,3285,3537,3792,3895,4148,4556,4976,5398,5505,5634,5705,5788,9813,13981,14072"
                    },
                    "to": {
                        "startLines": "2,8,14,20,26,32,38,39,43,47,48,52,56,57,61,66,71,76,78,101,102,103,157,212",
                        "startColumns": "4,4,4,4,4,4,4,4,4,4,4,4,4,4,4,4,4,4,4,4,4,4,4,4",
                        "startOffsets": "55,474,899,1327,1753,2180,2605,2694,2940,3189,3290,3542,3797,3900,4153,4561,4981,5403,5510,6930,7001,7084,11109,15277",
                        "endLines": "7,13,19,25,31,37,38,42,46,47,51,55,56,60,65,70,75,77,79,101,102,156,211,212",
                        "endColumns": "12,12,12,12,12,12,88,12,12,100,12,12,102,12,12,12,12,12,12,70,82,12,12,90",
                        "endOffsets": "469,894,1322,1748,2175,2600,2689,2935,3184,3285,3537,3792,3895,4148,4556,4976,5398,5505,5634,6996,7079,11104,15272,15363"
                    }
                }
            ]
        }
    ]
}