{
    "logs": [
        {
            "outputFile": "C:\\Users\\SWAT SEAL\\AndroidStudioProjects\\AndroidLab1\\app\\build\\intermediates\\incremental\\mergeDebugResources\\merged.dir\\values-et\\values-et.xml",
            "map": [
                {
                    "source": "C:\\Users\\SWAT SEAL\\.gradle\\caches\\transforms-1\\files-1.1\\appcompat-v7-26.1.0.aar\\7377b89c716771af69b51e258d8f6af8\\res\\values-et\\values-et.xml",
                    "from": {
                        "startLines": "2,3,4,5,6,7,8,9,10,11,12,13,14,15,16,17,18,19,20,21,22",
                        "startColumns": "4,4,4,4,4,4,4,4,4,4,4,4,4,4,4,4,4,4,4,4,4",
                        "startOffsets": "55,172,280,403,510,621,707,809,926,1006,1084,1167,1278,1383,1482,1592,1693,1796,1924,2026,2108",
                        "endColumns": "116,107,122,106,110,85,101,116,79,77,82,110,104,98,109,100,102,127,101,81,100",
                        "endOffsets": "167,275,398,505,616,702,804,921,1001,1079,1162,1273,1378,1477,1587,1688,1791,1919,2021,2103,2204"
                    },
                    "to": {
                        "startLines": "2,3,4,5,6,7,8,9,10,11,12,13,14,15,16,17,18,19,20,47,48",
                        "startColumns": "4,4,4,4,4,4,4,4,4,4,4,4,4,4,4,4,4,4,4,4,4",
                        "startOffsets": "105,222,330,453,560,671,757,859,976,1056,1134,1217,1328,1433,1532,1642,1743,1846,1974,5474,5556",
                        "endColumns": "116,107,122,106,110,85,101,116,79,77,82,110,104,98,109,100,102,127,101,81,100",
                        "endOffsets": "217,325,448,555,666,752,854,971,1051,1129,1212,1323,1428,1527,1637,1738,1841,1969,2071,5551,5652"
                    }
                },
                {
                    "source": "C:\\Users\\SWAT SEAL\\.gradle\\caches\\transforms-1\\files-1.1\\play-services-ads-12.0.1.aar\\aedd9b74a5b8bc5d64e95c7fac68cce6\\res\\values-et\\values.xml",
                    "from": {
                        "startLines": "4,5,6,7,8,9,10",
                        "startColumns": "0,0,0,0,0,0,0",
                        "startOffsets": "199,272,386,450,514,591,691",
                        "endColumns": "72,113,63,63,76,99,68",
                        "endOffsets": "271,385,449,513,590,690,759"
                    },
                    "to": {
                        "startLines": "40,41,42,43,44,45,46",
                        "startColumns": "4,4,4,4,4,4,4",
                        "startOffsets": "4885,4962,5080,5148,5216,5297,5401",
                        "endColumns": "76,117,67,67,80,103,72",
                        "endOffsets": "4957,5075,5143,5211,5292,5396,5469"
                    }
                },
                {
                    "source": "C:\\Users\\SWAT SEAL\\.gradle\\caches\\transforms-1\\files-1.1\\play-services-base-12.0.1.aar\\89b0f101fe1aa70c87fb7f0eed52e00d\\res\\values-et\\values.xml",
                    "from": {
                        "startLines": "4,5,6,7,8,9,10,11,12,13,14,15,16,17,18,19,20",
                        "startColumns": "0,0,0,0,0,0,0,0,0,0,0,0,0,0,0,0,0",
                        "startOffsets": "245,346,540,665,771,980,1107,1249,1377,1596,1702,1897,2027,2241,2412,2501,2592",
                        "endColumns": "100,193,124,105,208,126,141,127,218,105,194,129,213,170,88,90,112",
                        "endOffsets": "345,539,664,770,979,1106,1248,1376,1595,1701,1896,2026,2240,2411,2500,2591,2704"
                    },
                    "to": {
                        "startLines": "21,22,23,24,25,26,27,28,30,31,32,33,34,35,36,37,38",
                        "startColumns": "4,4,4,4,4,4,4,4,4,4,4,4,4,4,4,4,4",
                        "startOffsets": "2076,2181,2375,2504,2614,2823,2954,3100,3431,3650,3760,3955,4089,4303,4478,4571,4666",
                        "endColumns": "104,193,128,109,208,130,145,131,218,109,194,133,213,174,92,94,116",
                        "endOffsets": "2176,2370,2499,2609,2818,2949,3095,3227,3645,3755,3950,4084,4298,4473,4566,4661,4778"
                    }
                },
                {
                    "source": "C:\\Users\\SWAT SEAL\\.gradle\\caches\\transforms-1\\files-1.1\\play-services-basement-12.0.1.aar\\b951e0e2da5a9ce75a5b739a2eed04a8\\res\\values-et\\values.xml",
                    "from": {
                        "startLines": "4",
                        "startColumns": "0",
                        "startOffsets": "247",
                        "endColumns": "198",
                        "endOffsets": "445"
                    },
                    "to": {
                        "startLines": "29",
                        "startColumns": "4",
                        "startOffsets": "3232",
                        "endColumns": "198",
                        "endOffsets": "3426"
                    }
                },
                {
                    "source": "C:\\Users\\SWAT SEAL\\.gradle\\caches\\transforms-1\\files-1.1\\firebase-messaging-12.0.1.aar\\9a578ef3c246ab54503e58b22a339597\\res\\values-et\\values.xml",
                    "from": {
                        "startLines": "4",
                        "startColumns": "0",
                        "startOffsets": "205",
                        "endColumns": "97",
                        "endOffsets": "302"
                    },
                    "to": {
                        "startLines": "39",
                        "startColumns": "4",
                        "startOffsets": "4783",
                        "endColumns": "101",
                        "endOffsets": "4880"
                    }
                }
            ]
        }
    ]
}