{
    "logs": [
        {
            "outputFile": "C:\\Users\\SWAT SEAL\\AndroidStudioProjects\\AndroidLab1\\app\\build\\intermediates\\incremental\\mergeDebugResources\\merged.dir\\values-v12\\values-v12.xml",
            "map": [
                {
                    "source": "C:\\Users\\SWAT SEAL\\.gradle\\caches\\transforms-1\\files-1.1\\appcompat-v7-26.1.0.aar\\7377b89c716771af69b51e258d8f6af8\\res\\values-v12\\values-v12.xml",
                    "from": {
                        "startLines": "2,5,8,9",
                        "startColumns": "4,4,4,4",
                        "startOffsets": "55,279,479,598",
                        "endLines": "4,7,8,9",
                        "endColumns": "12,12,118,94",
                        "endOffsets": "274,474,593,688"
                    }
                }
            ]
        }
    ]
}