{
    "logs": [
        {
            "outputFile": "C:\\Users\\SWAT SEAL\\AndroidStudioProjects\\AndroidLab1\\app\\build\\intermediates\\incremental\\mergeDebugResources\\merged.dir\\values-watch-v20\\values-watch-v20.xml",
            "map": [
                {
                    "source": "C:\\Users\\SWAT SEAL\\.gradle\\caches\\transforms-1\\files-1.1\\play-services-auth-12.0.1.aar\\ba0c82c66bd1afa301ab3e8a8abf6d6c\\res\\values-watch-v20\\values.xml",
                    "from": {
                        "startLines": "4,5,6,7,8,9,10,11",
                        "startColumns": "0,0,0,0,0,0,0,0",
                        "startOffsets": "171,246,322,397,472,559,636,723",
                        "endColumns": "74,75,74,74,86,76,86,75",
                        "endOffsets": "245,321,396,471,558,635,722,798"
                    },
                    "to": {
                        "startLines": "2,3,4,5,6,7,8,9",
                        "startColumns": "4,4,4,4,4,4,4,4",
                        "startOffsets": "55,134,214,293,372,463,544,635",
                        "endColumns": "78,79,78,78,90,80,90,79",
                        "endOffsets": "129,209,288,367,458,539,630,710"
                    }
                }
            ]
        }
    ]
}