{
    "logs": [
        {
            "outputFile": "C:\\Users\\SWAT SEAL\\AndroidStudioProjects\\AndroidLab1\\app\\build\\intermediates\\incremental\\mergeDebugResources\\merged.dir\\values-pa\\values-pa.xml",
            "map": [
                {
                    "source": "C:\\Users\\SWAT SEAL\\.gradle\\caches\\transforms-1\\files-1.1\\appcompat-v7-26.1.0.aar\\7377b89c716771af69b51e258d8f6af8\\res\\values-pa\\values-pa.xml",
                    "from": {
                        "startLines": "2,3,4,5,6,7,8,9,10,11,12,13,14,15,16,17,18,19,20,21,22",
                        "startColumns": "4,4,4,4,4,4,4,4,4,4,4,4,4,4,4,4,4,4,4,4,4",
                        "startOffsets": "55,161,269,392,497,602,688,788,901,978,1054,1133,1234,1335,1432,1541,1640,1750,1872,1972,2051",
                        "endColumns": "105,107,122,104,104,85,99,112,76,75,78,100,100,96,108,98,109,121,99,78,100",
                        "endOffsets": "156,264,387,492,597,683,783,896,973,1049,1128,1229,1330,1427,1536,1635,1745,1867,1967,2046,2147"
                    },
                    "to": {
                        "startLines": "2,3,4,5,6,7,8,9,10,11,12,13,14,15,16,17,18,19,20,47,48",
                        "startColumns": "4,4,4,4,4,4,4,4,4,4,4,4,4,4,4,4,4,4,4,4,4",
                        "startOffsets": "105,211,319,442,547,652,738,838,951,1028,1104,1183,1284,1385,1482,1591,1690,1800,1922,5507,5586",
                        "endColumns": "105,107,122,104,104,85,99,112,76,75,78,100,100,96,108,98,109,121,99,78,100",
                        "endOffsets": "206,314,437,542,647,733,833,946,1023,1099,1178,1279,1380,1477,1586,1685,1795,1917,2017,5581,5682"
                    }
                },
                {
                    "source": "C:\\Users\\SWAT SEAL\\.gradle\\caches\\transforms-1\\files-1.1\\play-services-ads-12.0.1.aar\\aedd9b74a5b8bc5d64e95c7fac68cce6\\res\\values-pa\\values.xml",
                    "from": {
                        "startLines": "4,5,6,7,8,9,10",
                        "startColumns": "0,0,0,0,0,0,0",
                        "startOffsets": "199,272,396,464,533,609,725",
                        "endColumns": "72,123,67,68,75,115,70",
                        "endOffsets": "271,395,463,532,608,724,795"
                    },
                    "to": {
                        "startLines": "40,41,42,43,44,45,46",
                        "startColumns": "4,4,4,4,4,4,4",
                        "startOffsets": "4882,4959,5087,5159,5232,5312,5432",
                        "endColumns": "76,127,71,72,79,119,74",
                        "endOffsets": "4954,5082,5154,5227,5307,5427,5502"
                    }
                },
                {
                    "source": "C:\\Users\\SWAT SEAL\\.gradle\\caches\\transforms-1\\files-1.1\\play-services-base-12.0.1.aar\\89b0f101fe1aa70c87fb7f0eed52e00d\\res\\values-pa\\values.xml",
                    "from": {
                        "startLines": "4,5,6,7,8,9,10,11,12,13,14,15,16,17,18,19,20",
                        "startColumns": "0,0,0,0,0,0,0,0,0,0,0,0,0,0,0,0,0",
                        "startOffsets": "245,350,555,683,790,996,1123,1262,1391,1612,1719,1923,2053,2265,2452,2544,2636",
                        "endColumns": "104,204,127,106,205,126,138,128,220,106,203,129,211,186,91,91,106",
                        "endOffsets": "349,554,682,789,995,1122,1261,1390,1611,1718,1922,2052,2264,2451,2543,2635,2742"
                    },
                    "to": {
                        "startLines": "21,22,23,24,25,26,27,28,30,31,32,33,34,35,36,37,38",
                        "startColumns": "4,4,4,4,4,4,4,4,4,4,4,4,4,4,4,4,4",
                        "startOffsets": "2022,2131,2336,2468,2579,2785,2916,3059,3402,3623,3734,3938,4072,4284,4475,4571,4667",
                        "endColumns": "108,204,131,110,205,130,142,132,220,110,203,133,211,190,95,95,110",
                        "endOffsets": "2126,2331,2463,2574,2780,2911,3054,3187,3618,3729,3933,4067,4279,4470,4566,4662,4773"
                    }
                },
                {
                    "source": "C:\\Users\\SWAT SEAL\\.gradle\\caches\\transforms-1\\files-1.1\\play-services-basement-12.0.1.aar\\b951e0e2da5a9ce75a5b739a2eed04a8\\res\\values-pa\\values.xml",
                    "from": {
                        "startLines": "4",
                        "startColumns": "0",
                        "startOffsets": "247",
                        "endColumns": "209",
                        "endOffsets": "456"
                    },
                    "to": {
                        "startLines": "29",
                        "startColumns": "4",
                        "startOffsets": "3192",
                        "endColumns": "209",
                        "endOffsets": "3397"
                    }
                },
                {
                    "source": "C:\\Users\\SWAT SEAL\\.gradle\\caches\\transforms-1\\files-1.1\\firebase-messaging-12.0.1.aar\\9a578ef3c246ab54503e58b22a339597\\res\\values-pa\\values.xml",
                    "from": {
                        "startLines": "4",
                        "startColumns": "0",
                        "startOffsets": "205",
                        "endColumns": "99",
                        "endOffsets": "304"
                    },
                    "to": {
                        "startLines": "39",
                        "startColumns": "4",
                        "startOffsets": "4778",
                        "endColumns": "103",
                        "endOffsets": "4877"
                    }
                }
            ]
        }
    ]
}