{
    "logs": [
        {
            "outputFile": "C:\\Users\\SWAT SEAL\\AndroidStudioProjects\\AndroidLab1\\app\\build\\intermediates\\incremental\\mergeDebugResources\\merged.dir\\values-lo\\values-lo.xml",
            "map": [
                {
                    "source": "C:\\Users\\SWAT SEAL\\.gradle\\caches\\transforms-1\\files-1.1\\play-services-ads-12.0.1.aar\\aedd9b74a5b8bc5d64e95c7fac68cce6\\res\\values-lo\\values.xml",
                    "from": {
                        "startLines": "4,5,6,7,8,9,10",
                        "startColumns": "0,0,0,0,0,0,0",
                        "startOffsets": "199,268,376,440,505,580,677",
                        "endColumns": "68,107,63,64,74,96,69",
                        "endOffsets": "267,375,439,504,579,676,746"
                    },
                    "to": {
                        "startLines": "40,41,42,43,44,45,46",
                        "startColumns": "4,4,4,4,4,4,4",
                        "startOffsets": "4859,4932,5044,5112,5181,5260,5361",
                        "endColumns": "72,111,67,68,78,100,73",
                        "endOffsets": "4927,5039,5107,5176,5255,5356,5430"
                    }
                },
                {
                    "source": "C:\\Users\\SWAT SEAL\\.gradle\\caches\\transforms-1\\files-1.1\\firebase-messaging-12.0.1.aar\\9a578ef3c246ab54503e58b22a339597\\res\\values-lo\\values.xml",
                    "from": {
                        "startLines": "4",
                        "startColumns": "0",
                        "startOffsets": "205",
                        "endColumns": "99",
                        "endOffsets": "304"
                    },
                    "to": {
                        "startLines": "39",
                        "startColumns": "4",
                        "startOffsets": "4755",
                        "endColumns": "103",
                        "endOffsets": "4854"
                    }
                },
                {
                    "source": "C:\\Users\\SWAT SEAL\\.gradle\\caches\\transforms-1\\files-1.1\\play-services-base-12.0.1.aar\\89b0f101fe1aa70c87fb7f0eed52e00d\\res\\values-lo\\values.xml",
                    "from": {
                        "startLines": "4,5,6,7,8,9,10,11,12,13,14,15,16,17,18,19,20",
                        "startColumns": "0,0,0,0,0,0,0,0,0,0,0,0,0,0,0,0,0",
                        "startOffsets": "245,351,553,681,786,997,1120,1254,1395,1606,1709,1906,2033,2263,2450,2544,2639",
                        "endColumns": "105,201,127,104,210,122,133,140,210,102,196,126,229,186,93,94,109",
                        "endOffsets": "350,552,680,785,996,1119,1253,1394,1605,1708,1905,2032,2262,2449,2543,2638,2748"
                    },
                    "to": {
                        "startLines": "21,22,23,24,25,26,27,28,30,31,32,33,34,35,36,37,38",
                        "startColumns": "4,4,4,4,4,4,4,4,4,4,4,4,4,4,4,4,4",
                        "startOffsets": "2012,2122,2324,2456,2565,2776,2903,3041,3377,3588,3695,3892,4023,4253,4444,4542,4641",
                        "endColumns": "109,201,131,108,210,126,137,144,210,106,196,130,229,190,97,98,113",
                        "endOffsets": "2117,2319,2451,2560,2771,2898,3036,3181,3583,3690,3887,4018,4248,4439,4537,4636,4750"
                    }
                },
                {
                    "source": "C:\\Users\\SWAT SEAL\\.gradle\\caches\\transforms-1\\files-1.1\\play-services-basement-12.0.1.aar\\b951e0e2da5a9ce75a5b739a2eed04a8\\res\\values-lo\\values.xml",
                    "from": {
                        "startLines": "4",
                        "startColumns": "0",
                        "startOffsets": "247",
                        "endColumns": "190",
                        "endOffsets": "437"
                    },
                    "to": {
                        "startLines": "29",
                        "startColumns": "4",
                        "startOffsets": "3186",
                        "endColumns": "190",
                        "endOffsets": "3372"
                    }
                },
                {
                    "source": "C:\\Users\\SWAT SEAL\\.gradle\\caches\\transforms-1\\files-1.1\\appcompat-v7-26.1.0.aar\\7377b89c716771af69b51e258d8f6af8\\res\\values-lo\\values-lo.xml",
                    "from": {
                        "startLines": "2,3,4,5,6,7,8,9,10,11,12,13,14,15,16,17,18,19,20,21,22",
                        "startColumns": "4,4,4,4,4,4,4,4,4,4,4,4,4,4,4,4,4,4,4,4,4",
                        "startOffsets": "55,158,266,389,486,593,678,783,895,972,1050,1130,1237,1334,1432,1537,1640,1744,1866,1962,2043",
                        "endColumns": "102,107,122,96,106,84,104,111,76,77,79,106,96,97,104,102,103,121,95,80,100",
                        "endOffsets": "153,261,384,481,588,673,778,890,967,1045,1125,1232,1329,1427,1532,1635,1739,1861,1957,2038,2139"
                    },
                    "to": {
                        "startLines": "2,3,4,5,6,7,8,9,10,11,12,13,14,15,16,17,18,19,20,47,48",
                        "startColumns": "4,4,4,4,4,4,4,4,4,4,4,4,4,4,4,4,4,4,4,4,4",
                        "startOffsets": "105,208,316,439,536,643,728,833,945,1022,1100,1180,1287,1384,1482,1587,1690,1794,1916,5435,5516",
                        "endColumns": "102,107,122,96,106,84,104,111,76,77,79,106,96,97,104,102,103,121,95,80,100",
                        "endOffsets": "203,311,434,531,638,723,828,940,1017,1095,1175,1282,1379,1477,1582,1685,1789,1911,2007,5511,5612"
                    }
                }
            ]
        }
    ]
}