[{"name":"slice_0","index":0,"scopes":["SUB_PROJECTS","PROJECT"],"types":["CLASSES"],"format":"DIRECTORY","present":true},{"name":"slice_1","index":1,"scopes":["SUB_PROJECTS","PROJECT"],"types":["CLASSES"],"format":"DIRECTORY","present":true},{"name":"slice_2","index":2,"scopes":["SUB_PROJECTS","PROJECT"],"types":["CLASSES"],"format":"DIRECTORY","present":true},{"name":"slice_3","index":3,"scopes":["SUB_PROJECTS","PROJECT"],"types":["CLASSES"],"format":"DIRECTORY","present":true},{"name":"slice_4","index":4,"scopes":["SUB_PROJECTS","PROJECT"],"types":["CLASSES"],"format":"DIRECTORY","present":true},{"name":"slice_5","index":5,"scopes":["SUB_PROJECTS","PROJECT"],"types":["CLASSES"],"format":"DIRECTORY","present":true},{"name":"slice_6","index":6,"scopes":["SUB_PROJECTS","PROJECT"],"types":["CLASSES"],"format":"DIRECTORY","present":true},{"name":"slice_7","index":7,"scopes":["SUB_PROJECTS","PROJECT"],"types":["CLASSES"],"format":"DIRECTORY","present":true},{"name":"slice_8","index":8,"scopes":["SUB_PROJECTS","PROJECT"],"types":["CLASSES"],"format":"DIRECTORY","present":true},{"name":"slice_9","index":9,"scopes":["SUB_PROJECTS","PROJECT"],"types":["CLASSES"],"format":"DIRECTORY","present":true}]