<?xml version="1.0" encoding="utf-8"?>
<manifest xmlns:android="http://schemas.android.com/apk/res/android"
    package="com.example.swatseal.androidlab1"
    android:versionCode="1"
    android:versionName="1.0" >

    <uses-sdk
        android:minSdkVersion="15"
        android:targetSdkVersion="26" />

    <uses-permission android:name="android.permission.INTERNET" />
    <uses-permission android:name="com.google.android.providers.gsf.permission.READ_GSERVICES" />
    <uses-permission android:name="android.permission.ACCESS_NETWORK_STATE" />
    <uses-permission android:name="android.permission.WAKE_LOCK" /> <!-- Required by older versions of Google Play services to create IID tokens -->
    <uses-permission android:name="com.google.android.c2dm.permission.RECEIVE" />

    <permission
        android:name="com.example.swatseal.androidlab1.permission.C2D_MESSAGE"
        android:protectionLevel="signature" />

    <uses-permission android:name="com.example.swatseal.androidlab1.permission.C2D_MESSAGE" />

    <application
        android:allowBackup="true"
        android:debuggable="true"
        android:icon="@mipmap/ic_launcher"
        android:label="@string/app_name"
        android:roundIcon="@mipmap/ic_launcher_round"
        android:supportsRtl="true"
        android:testOnly="true"
        android:theme="@style/AppTheme" >
        <activity android:name="com.example.swatseal.androidlab1.MainActivity" >
            <intent-filter>
                <action android:name="android.intent.action.MAIN" />

                <category android:name="android.intent.category.LAUNCHER" />
            </intent-filter>
        </activity>
        <activity android:name="com.example.swatseal.androidlab1.Homepage" />
        <activity android:name="com.example.swatseal.androidlab1.SignUp" />
        <activity android:name="com.example.swatseal.androidlab1.Recover" />
        <activity android:name="com.example.swatseal.androidlab1.googleHomePage" />
        <activity android:name="com.example.swatseal.androidlab1.Help" />
        <activity android:name="com.example.swatseal.androidlab1.Settings" />

        <meta-data
            android:name="android.support.VERSION"
            android:value="26.1.0" />

        <activity
            android:name="com.twitter.sdk.android.tweetui.PlayerActivity"
            android:configChanges="keyboardHidden|orientation|screenSize"
            android:theme="@style/MediaTheme" />
        <activity
            android:name="com.twitter.sdk.android.tweetui.GalleryActivity"
            android:theme="@style/MediaTheme" />
        <activity
            android:name="com.twitter.sdk.android.tweetcomposer.ComposerActivity"
            android:exported="false"
            android:windowSoftInputMode="adjustResize|stateVisible" />

        <service
            android:name="com.twitter.sdk.android.tweetcomposer.TweetUploadService"
            android:enabled="true"
            android:exported="false" />

        <activity
            android:name="com.twitter.sdk.android.core.identity.OAuthActivity"
            android:configChanges="orientation|screenSize"
            android:excludeFromRecents="true"
            android:exported="false" />
        <activity
            android:name="com.google.firebase.auth.internal.FederatedSignInActivity"
            android:excludeFromRecents="true"
            android:exported="true"
            android:launchMode="singleInstance"
            android:permission="com.google.firebase.auth.api.gms.permission.LAUNCH_FEDERATED_SIGN_IN"
            android:theme="@android:style/Theme.Translucent.NoTitleBar" />
        <activity
            android:name="com.google.android.gms.auth.api.signin.internal.SignInHubActivity"
            android:excludeFromRecents="true"
            android:exported="false"
            android:theme="@android:style/Theme.Translucent.NoTitleBar" />
        <!--
            Service handling Google Sign-In user revocation. For apps that do not integrate with
            Google Sign-In, this service will never be started.
        -->
        <service
            android:name="com.google.android.gms.auth.api.signin.RevocationBoundService"
            android:exported="true"
            android:permission="com.google.android.gms.auth.api.signin.permission.REVOCATION_NOTIFICATION" />
        <!--
             FirebaseMessagingService performs security checks at runtime,
             no need for explicit permissions despite exported="true"
        -->
        <service
            android:name="com.google.firebase.messaging.FirebaseMessagingService"
            android:exported="true" >
            <intent-filter android:priority="-500" >
                <action android:name="com.google.firebase.MESSAGING_EVENT" />
            </intent-filter>
        </service>

        <provider
            android:name="com.google.firebase.perf.provider.FirebasePerfProvider"
            android:authorities="com.example.swatseal.androidlab1.firebaseperfprovider"
            android:exported="false"
            android:initOrder="101" />

        <activity
            android:name="com.google.android.gms.appinvite.PreviewActivity"
            android:exported="true"
            android:theme="@style/Theme.AppInvite.Preview" >
            <intent-filter>
                <action android:name="com.google.android.gms.appinvite.ACTION_PREVIEW" />

                <category android:name="android.intent.category.DEFAULT" />
            </intent-filter>
        </activity>
        <activity
            android:name="com.google.android.gms.common.api.GoogleApiActivity"
            android:exported="false"
            android:theme="@android:style/Theme.Translucent.NoTitleBar" />

        <receiver
            android:name="com.google.android.gms.measurement.AppMeasurementReceiver"
            android:enabled="true"
            android:exported="false" >
        </receiver>
        <receiver
            android:name="com.google.android.gms.measurement.AppMeasurementInstallReferrerReceiver"
            android:enabled="true"
            android:exported="true"
            android:permission="android.permission.INSTALL_PACKAGES" >
            <intent-filter>
                <action android:name="com.android.vending.INSTALL_REFERRER" />
            </intent-filter>
        </receiver>

        <service
            android:name="com.google.android.gms.measurement.AppMeasurementService"
            android:enabled="true"
            android:exported="false" />
        <service
            android:name="com.google.android.gms.measurement.AppMeasurementJobService"
            android:enabled="true"
            android:exported="false"
            android:permission="android.permission.BIND_JOB_SERVICE" />

        <receiver
            android:name="com.google.firebase.iid.FirebaseInstanceIdReceiver"
            android:exported="true"
            android:permission="com.google.android.c2dm.permission.SEND" >
            <intent-filter>
                <action android:name="com.google.android.c2dm.intent.RECEIVE" />

                <category android:name="com.example.swatseal.androidlab1" />
            </intent-filter>
        </receiver>
        <!--
             FirebaseInstanceIdService performs security checks at runtime,
             no need for explicit permissions despite exported="true"
        -->
        <service
            android:name="com.google.firebase.iid.FirebaseInstanceIdService"
            android:exported="true" >
            <intent-filter android:priority="-500" >
                <action android:name="com.google.firebase.INSTANCE_ID_EVENT" />
            </intent-filter>
        </service>

        <provider
            android:name="com.google.firebase.provider.FirebaseInitProvider"
            android:authorities="com.example.swatseal.androidlab1.firebaseinitprovider"
            android:exported="false"
            android:initOrder="100" /> <!-- Include the AdActivity and InAppPurchaseActivity configChanges and themes. -->
        <activity
            android:name="com.google.android.gms.ads.AdActivity"
            android:configChanges="keyboard|keyboardHidden|orientation|screenLayout|uiMode|screenSize|smallestScreenSize"
            android:exported="false"
            android:theme="@android:style/Theme.Translucent" />

        <meta-data
            android:name="com.google.android.gms.version"
            android:value="@integer/google_play_services_version" />
        <meta-data
            android:name="android.arch.lifecycle.VERSION"
            android:value="27.0.0-SNAPSHOT" />

        <provider
            android:name="com.android.tools.ir.server.InstantRunContentProvider"
            android:authorities="com.example.swatseal.androidlab1.com.android.tools.ir.server.InstantRunContentProvider"
            android:multiprocess="true" />
    </application>

</manifest>