[{"name":"slice_0","index":15,"scopes":["SUB_PROJECTS","PROJECT"],"types":["DEX"],"format":"DIRECTORY","present":true},{"name":"slice_1","index":16,"scopes":["SUB_PROJECTS","PROJECT"],"types":["DEX"],"format":"DIRECTORY","present":true},{"name":"slice_2","index":17,"scopes":["SUB_PROJECTS","PROJECT"],"types":["DEX"],"format":"DIRECTORY","present":true},{"name":"slice_3","index":18,"scopes":["SUB_PROJECTS","PROJECT"],"types":["DEX"],"format":"DIRECTORY","present":true},{"name":"slice_4","index":19,"scopes":["SUB_PROJECTS","PROJECT"],"types":["DEX"],"format":"DIRECTORY","present":true},{"name":"slice_5","index":20,"scopes":["SUB_PROJECTS","PROJECT"],"types":["DEX"],"format":"DIRECTORY","present":true},{"name":"slice_6","index":21,"scopes":["SUB_PROJECTS","PROJECT"],"types":["DEX"],"format":"DIRECTORY","present":true},{"name":"slice_7","index":22,"scopes":["SUB_PROJECTS","PROJECT"],"types":["DEX"],"format":"DIRECTORY","present":true},{"name":"slice_8","index":23,"scopes":["SUB_PROJECTS","PROJECT"],"types":["DEX"],"format":"DIRECTORY","present":true},{"name":"slice_9","index":24,"scopes":["SUB_PROJECTS","PROJECT"],"types":["DEX"],"format":"DIRECTORY","present":true},{"name":"main","index":25,"scopes":["EXTERNAL_LIBRARIES"],"types":["DEX"],"format":"DIRECTORY","present":true},{"name":"ee3f331e6e1ea96e657f1826b9ebd621366dc6dc-0","index":26,"scopes":["MAIN_SPLIT"],"types":["DEX"],"format":"DIRECTORY","present":true},{"name":"fe02017f2372a01b2f68af8d8747e8243ff1e4f0-0","index":27,"scopes":["MAIN_SPLIT"],"types":["DEX"],"format":"DIRECTORY","present":true},{"name":"externalLibs","index":28,"scopes":["EXTERNAL_LIBRARIES"],"types":["DEX"],"format":"DIRECTORY","present":true}]